session,subj,CDL_name,sex,breed,neutering_status,birth_date,test_date,block,condition,trial_num,Age,first_arm,sec_arm,third_arm,fourth_arm,fifth_arm,sixth_arm,sevth_arm,eigth_arm,first_error_position,return_to_arm,Lag_from_last_choice,adjacent_arms,total_mistakes
1,subj.01,Loki7,m,Mix(Border Collie/Husky),no,19.02.2022,20.01.2023,1,self-ordered,1,11,3,2,1,7,6,3,1,2,6,1,5,2,3
1,subj.01,Loki7,m,Mix(Border Collie/Husky),no,19.02.2022,20.01.2023,1,self-ordered,2,11,3,4,5,7,1,2,4,6,7,2,5,2,1
1,subj.01,Loki7,m,Mix(Border Collie/Husky),no,19.02.2022,20.01.2023,1,self-ordered,3,11,2,7,8,3,5,6,7,1,7,2,5,2,1
1,subj.01,Loki7,m,Mix(Border Collie/Husky),no,19.02.2022,20.01.2023,2,forced,1,11,2,7,5,3,2,8,6,5,5,1,4,1,2
1,subj.01,Loki7,m,Mix(Border Collie/Husky),no,19.02.2022,20.01.2023,2,forced,2,11,3,8,6,4,3,1,5,6,5,1,4,1,2
1,subj.01,Loki7,m,Mix(Border Collie/Husky),no,19.02.2022,20.01.2023,2,forced,3,11,1,6,5,4,3,2,8,7,#N/A,#N/A,#N/A,4,0
1,subj.02,Moon2,f,Australian Shepherd,no,31.10.2021,23.01.2023,1,self-ordered,1,14,1,7,6,3,2,8,7,3,7,2,5,1,2
1,subj.02,Moon2,f,Australian Shepherd,no,31.10.2021,23.01.2023,1,self-ordered,2,14,2,4,3,2,1,8,6,5,4,1,3,4,1
1,subj.02,Moon2,f,Australian Shepherd,no,31.10.2021,23.01.2023,1,self-ordered,3,14,5,4,3,1,8,6,5,4,7,1,6,2,2
1,subj.02,Moon2,f,Australian Shepherd,no,31.10.2021,23.01.2023,2,forced,1,14,6,5,3,2,1,7,5,4,7,2,5,2,1
1,subj.02,Moon2,f,Australian Shepherd,no,31.10.2021,23.01.2023,2,forced,2,14,1,7,5,4,3,2,1,8,7,1,6,5,1
1,subj.02,Moon2,f,Australian Shepherd,no,31.10.2021,23.01.2023,2,forced,3,14,4,3,5,4,3,8,6,5,4,1,3,2,3
1,subj.03,Filou9,m,Mix,no,02.06.2021,23.01.2023,1,self-ordered,1,19,1,2,8,7,6,5,4,3,#N/A,#N/A,#N/A,5,0
1,subj.03,Filou9,m,Mix,no,02.06.2021,23.01.2023,1,self-ordered,2,19,5,6,7,8,2,4,5,7,7,1,6,3,2
1,subj.03,Filou9,m,Mix,no,02.06.2021,23.01.2023,1,self-ordered,3,19,1,8,7,6,5,3,4,5,8,5,3,4,1
1,subj.03,Filou9,m,Mix,no,02.06.2021,23.01.2023,2,forced,1,19,8,3,6,7,5,4,5,7,7,5,2,1,2
1,subj.03,Filou9,m,Mix,no,02.06.2021,23.01.2023,2,forced,2,19,1,6,2,3,4,5,6,7,7,2,5,5,1
1,subj.03,Filou9,m,Mix,no,02.06.2021,23.01.2023,2,forced,3,19,2,4,8,1,2,3,4,5,5,1,4,5,2
1,subj.04,Ludwig2,m,American Staffordshire Terrier,no,05.07.2018,20.01.2023,1,forced,1,54,3,2,4,3,1,4,1,4,4,1,3,1,4
1,subj.04,Ludwig2,m,American Staffordshire Terrier,no,05.07.2018,20.01.2023,1,forced,2,54,1,7,4,5,7,1,2,3,5,2,3,2,2
1,subj.04,Ludwig2,m,American Staffordshire Terrier,no,05.07.2018,20.01.2023,1,forced,3,54,8,5,7,6,4,5,6,1,6,2,4,2,2
1,subj.04,Ludwig2,m,American Staffordshire Terrier,no,05.07.2018,20.01.2023,2,self-ordered,1,54,8,6,3,1,2,4,8,1,7,1,6,1,2
1,subj.04,Ludwig2,m,American Staffordshire Terrier,no,05.07.2018,20.01.2023,2,self-ordered,2,54,5,4,7,8,7,3,4,6,5,3,2,1,2
1,subj.04,Ludwig2,m,American Staffordshire Terrier,no,05.07.2018,20.01.2023,2,self-ordered,3,54,3,4,5,1,2,3,5,6,6,1,5,2,2
1,subj.05,Tofu,m,Cocker Spaniel,yes,26.09.2021,20.01.2023,1,forced,1,15,6,4,2,4,2,3,4,5,4,2,2,3,3
1,subj.05,Tofu,m,Cocker Spaniel,yes,26.09.2021,20.01.2023,1,forced,2,15,8,7,1,2,1,8,7,8,5,3,2,3,4
1,subj.05,Tofu,m,Cocker Spaniel,yes,26.09.2021,20.01.2023,1,forced,3,15,3,2,4,7,8,1,2,1,7,2,5,3,2
1,subj.05,Tofu,m,Cocker Spaniel,yes,26.09.2021,20.01.2023,2,self-ordered,1,15,4,3,2,1,8,7,6,5,#N/A,#N/A,#N/A,7,0
1,subj.05,Tofu,m,Cocker Spaniel,yes,26.09.2021,20.01.2023,2,self-ordered,2,15,6,5,4,3,2,1,8,7,#N/A,#N/A,#N/A,7,0
1,subj.05,Tofu,m,Cocker Spaniel,yes,26.09.2021,20.01.2023,2,self-ordered,3,15,6,5,4,3,2,1,7,6,8,1,7,5,1
1,subj.06,Kito,m,"Mix (Westgoten Spitz, Jack russel)",no,01.08.2020,13.01.2023,1,self-ordered,1,29,1,2,3,4,5,6,7,8,#N/A,#N/A,#N/A,7,0
1,subj.06,Kito,m,"Mix (Westgoten Spitz, Jack russel)",no,01.08.2020,13.01.2023,1,self-ordered,2,29,6,5,3,2,1,2,3,4,6,4,2,3,2
1,subj.06,Kito,m,"Mix (Westgoten Spitz, Jack russel)",no,01.08.2020,13.01.2023,1,self-ordered,3,29,6,7,5,4,3,2,8,7,8,2,6,3,1
1,subj.06,Kito,m,"Mix (Westgoten Spitz, Jack russel)",no,01.08.2020,13.01.2023,2,forced,1,29,2,7,5,4,3,5,6,7,6,3,3,2,2
1,subj.06,Kito,m,"Mix (Westgoten Spitz, Jack russel)",no,01.08.2020,13.01.2023,2,forced,2,29,6,3,2,1,8,4,2,3,7,3,4,3,2
1,subj.06,Kito,m,"Mix (Westgoten Spitz, Jack russel)",no,01.08.2020,13.01.2023,2,forced,3,29,1,8,2,3,4,5,6,7,#N/A,#N/A,#N/A,5,0
1,subj.07,Zeus3,m,"Mix (Border Collie, Tibet Terrier)",no,14.01.2015,12.01.2023,1,self-ordered,2,95,4,5,6,7,8,6,7,8,6,3,3,4,3
1,subj.07,Zeus3,m,"Mix (Border Collie, Tibet Terrier)",no,14.01.2015,12.01.2023,1,self-ordered,3,95,4,5,6,7,8,3,4,5,7,1,6,4,2
1,subj.07,Zeus3,m,"Mix (Border Collie, Tibet Terrier)",no,14.01.2015,12.01.2023,2,forced,1,95,2,6,7,8,2,4,5,7,5,1,4,2,2
1,subj.07,Zeus3,m,"Mix (Border Collie, Tibet Terrier)",no,14.01.2015,12.01.2023,2,forced,2,95,7,8,3,4,5,6,7,8,7,1,6,5,2
1,subj.07,Zeus3,m,"Mix (Border Collie, Tibet Terrier)",no,14.01.2015,12.01.2023,2,forced,3,95,1,3,5,6,7,8,1,7,7,1,6,4,2
1,subj.08,Ava2,f,Louisiana Catahoula Leopard Dog,yes,28.10.2016,16.01.2023,1,forced,1,74,3,2,5,4,3,2,8,6,5,1,4,3,2
1,subj.08,Ava2,f,Louisiana Catahoula Leopard Dog,yes,28.10.2016,16.01.2023,1,forced,2,74,5,1,7,6,4,3,5,7,7,1,6,1,2
1,subj.08,Ava2,f,Louisiana Catahoula Leopard Dog,yes,28.10.2016,16.01.2023,1,forced,3,74,7,8,4,5,2,1,6,5,8,4,4,1,1
1,subj.08,Ava2,f,Louisiana Catahoula Leopard Dog,yes,28.10.2016,16.01.2023,2,self-ordered,1,74,2,3,6,7,1,2,4,5,6,1,5,1,1
1,subj.08,Ava2,f,Louisiana Catahoula Leopard Dog,yes,28.10.2016,16.01.2023,2,self-ordered,2,74,6,7,8,2,5,7,4,2,6,2,4,2,2
1,subj.08,Ava2,f,Louisiana Catahoula Leopard Dog,yes,28.10.2016,16.01.2023,2,self-ordered,3,74,5,6,7,2,3,4,5,1,7,1,6,3,1
1,subj.09,Maze,f,Mix/Greyster,no,28.11.2021,16.01.2023,1,forced,1,13,5,4,7,1,5,3,1,7,5,1,4,1,3
1,subj.09,Maze,f,Mix/Greyster,no,28.11.2021,16.01.2023,1,forced,2,13,7,6,3,1,5,3,2,1,6,3,3,2,2
1,subj.09,Maze,f,Mix/Greyster,no,28.11.2021,16.01.2023,1,forced,3,13,8,4,5,3,2,7,5,7,7,3,4,1,2
1,subj.09,Maze,f,Mix/Greyster,no,28.11.2021,16.01.2023,2,self-ordered,1,13,6,4,2,1,7,5,4,0,7,2,5,1,1
1,subj.09,Maze,f,Mix/Greyster,no,28.11.2021,16.01.2023,2,self-ordered,2,13,5,7,4,2,8,7,6,5,6,2,4,3,2
1,subj.09,Maze,f,Mix/Greyster,no,28.11.2021,16.01.2023,2,self-ordered,3,13,5,7,4,2,1,7,6,4,6,2,4,1,2
1,subj.10,Twix,m,Mix (Labrador Retriever),yes,01.01.2010,24.01.2023,1,self-ordered,1,156,1,2,3,4,5,7,1,3,7,1,6,4,2
1,subj.10,Twix,m,Mix (Labrador Retriever),yes,01.01.2010,24.01.2023,1,self-ordered,2,156,3,1,8,6,4,2,7,5,#N/A,#N/A,#N/A,1,0
1,subj.10,Twix,m,Mix (Labrador Retriever),yes,01.01.2010,24.01.2023,1,self-ordered,3,156,1,3,5,2,1,7,5,2,5,1,4,1,3
1,subj.10,Twix,m,Mix (Labrador Retriever),yes,01.01.2010,24.01.2023,2,forced,1,156,3,5,7,1,8,6,5,3,7,2,5,1,2
1,subj.10,Twix,m,Mix (Labrador Retriever),yes,01.01.2010,24.01.2023,2,forced,2,156,6,8,6,1,8,7,3,5,3,1,2,2,2
1,subj.10,Twix,m,Mix (Labrador Retriever),yes,01.01.2010,24.01.2023,2,forced,3,156,2,7,8,7,6,3,2,1,4,2,2,2,2
1,subj.11,Blue5,f,Australian Shepherd,yes,15.09.2013,23.01.2023,1,self-ordered,1,112,2,5,4,6,5,3,2,5,5,2,3,1,3
1,subj.11,Blue5,f,Australian Shepherd,yes,15.09.2013,23.01.2023,1,self-ordered,2,112,5,6,5,3,2,1,8,7,3,1,2,4,1
1,subj.11,Blue5,f,Australian Shepherd,yes,15.09.2013,23.01.2023,1,self-ordered,3,112,7,5,3,2,1,8,7,5,7,1,6,4,2
1,subj.11,Blue5,f,Australian Shepherd,yes,15.09.2013,23.01.2023,2,forced,1,112,7,6,3,5,3,2,1,8,5,3,2,3,1
1,subj.11,Blue5,f,Australian Shepherd,yes,15.09.2013,23.01.2023,2,forced,2,112,1,8,6,5,3,2,1,7,7,1,6,2,1
1,subj.11,Blue5,f,Australian Shepherd,yes,15.09.2013,23.01.2023,2,forced,3,112,5,2,7,5,3,2,8,7,4,1,3,1,3
1,subj.12,Oscar2,m,Ilky Moon Havaneser,yes,24.11.2020,25.01.2023,1,self-ordered,1,26,4,3,1,2,8,7,6,5,#N/A,#N/A,#N/A,3,0
1,subj.12,Oscar2,m,Ilky Moon Havaneser,yes,24.11.2020,25.01.2023,1,self-ordered,3,26,6,5,8,7,1,2,7,1,7,4,3,1,2
1,subj.12,Oscar2,m,Ilky Moon Havaneser,yes,24.11.2020,25.01.2023,2,forced,1,26,6,3,1,2,4,7,1,0,7,3,4,1,1
1,subj.12,Oscar2,m,Ilky Moon Havaneser,yes,24.11.2020,25.01.2023,2,forced,2,26,4,8,7,1,2,6,5,1,8,4,4,1,1
1,subj.12,Oscar2,m,Ilky Moon Havaneser,yes,24.11.2020,25.01.2023,2,forced,3,26,5,1,8,7,3,2,1,6,7,2,5,2,1
1,subj.14,Sepp,m,Beagle,yes,11.06.2012,21.01.2023,1,self-ordered,1,127,1,2,3,1,2,4,5,8,4,1,3,2,2
1,subj.14,Sepp,m,Beagle,yes,11.06.2012,21.01.2023,1,self-ordered,2,127,2,5,7,8,2,3,5,7,5,1,4,1,3
1,subj.14,Sepp,m,Beagle,yes,11.06.2012,21.01.2023,1,self-ordered,3,127,4,2,3,2,1,7,5,4,4,2,2,2,2
1,subj.14,Sepp,m,Beagle,yes,11.06.2012,21.01.2023,2,forced,1,127,4,2,6,7,8,1,7,6,7,4,3,3,2
1,subj.14,Sepp,m,Beagle,yes,11.06.2012,21.01.2023,2,forced,2,127,6,5,1,2,3,1,8,7,6,3,3,2,1
1,subj.14,Sepp,m,Beagle,yes,11.06.2012,21.01.2023,2,forced,3,127,1,7,5,3,2,7,6,5,6,2,4,2,2
1,subj.15,Albert,m,Dansky,yes,26.06.2018,24.01.2023,1,self-ordered,1,54,6,7,4,2,8,6,4,1,6,1,5,1,2
1,subj.15,Albert,m,Dansky,yes,26.06.2018,24.01.2023,1,self-ordered,2,54,5,4,3,8,7,6,4,3,7,2,5,2,2
1,subj.15,Albert,m,Dansky,yes,26.06.2018,24.01.2023,1,self-ordered,3,54,5,3,6,7,5,3,1,8,5,1,4,1,2
1,subj.15,Albert,m,Dansky,yes,26.06.2018,24.01.2023,2,forced,1,54,8,3,4,7,6,2,1,8,8,1,7,2,1
1,subj.15,Albert,m,Dansky,yes,26.06.2018,24.01.2023,2,forced,2,54,4,6,2,4,3,6,5,7,4,1,3,1,2
1,subj.15,Albert,m,Dansky,yes,26.06.2018,24.01.2023,2,forced,3,54,2,7,5,3,7,6,5,3,5,2,3,2,3
1,subj.16,Chomsky,m,Rottweiler,yes,17.12.2015,18.01.2023,1,self-ordered,1,85,4,3,5,3,1,8,7,6,4,2,2,3,1
1,subj.16,Chomsky,m,Rottweiler,yes,17.12.2015,18.01.2023,1,self-ordered,2,85,5,6,4,2,8,5,3,1,6,1,5,1,1
1,subj.16,Chomsky,m,Rottweiler,yes,17.12.2015,18.01.2023,1,self-ordered,3,85,4,3,2,1,7,6,5,4,8,1,7,3,1
1,subj.16,Chomsky,m,Rottweiler,yes,17.12.2015,18.01.2023,2,forced,1,85,1,2,6,5,3,1,8,7,6,1,5,2,1
1,subj.16,Chomsky,m,Rottweiler,yes,17.12.2015,18.01.2023,2,forced,2,85,4,6,2,1,3,4,5,2,6,1,5,2,2
1,subj.16,Chomsky,m,Rottweiler,yes,17.12.2015,18.01.2023,2,forced,3,85,8,3,7,5,4,3,1,8,6,2,4,2,2
1,subj.17,Fendi,m,Mix,yes,20.04.2019,21.01.2023,1,self-ordered,1,45,5,6,1,2,4,6,5,1,6,2,4,1,3
1,subj.17,Fendi,m,Mix,yes,20.04.2019,21.01.2023,1,self-ordered,2,45,4,5,7,8,1,2,3,4,8,1,7,5,1
1,subj.17,Fendi,m,Mix,yes,20.04.2019,21.01.2023,1,self-ordered,3,45,3,4,5,6,7,8,1,2,#N/A,#N/A,#N/A,7,0
1,subj.17,Fendi,m,Mix,yes,20.04.2019,21.01.2023,2,forced,1,45,4,5,8,1,2,3,4,5,7,1,6,5,2
1,subj.17,Fendi,m,Mix,yes,20.04.2019,21.01.2023,2,forced,2,45,3,1,6,7,6,1,2,4,5,3,2,1,2
1,subj.17,Fendi,m,Mix,yes,20.04.2019,21.01.2023,2,forced,3,45,8,6,7,8,2,4,5,8,4,1,3,2,2
1,subj.18,Io,f,Whippet,no,07.01.2014,28.01.2023,1,self-ordered,1,108,1,2,5,7,9,1,2,4,6,1,5,1,2
1,subj.18,Io,f,Whippet,no,07.01.2014,28.01.2023,1,self-ordered,2,108,1,2,5,6,5,3,1,2,5,3,2,1,3
1,subj.18,Io,f,Whippet,no,07.01.2014,28.01.2023,1,self-ordered,3,108,6,5,4,7,2,1,8,7,8,4,4,3,1
1,subj.18,Io,f,Whippet,no,07.01.2014,28.01.2023,2,forced,1,108,8,6,1,2,4,6,7,2,6,2,4,1,2
1,subj.18,Io,f,Whippet,no,07.01.2014,28.01.2023,2,forced,2,108,2,5,6,7,3,4,2,5,7,1,6,2,2
1,subj.18,Io,f,Whippet,no,07.01.2014,28.01.2023,2,forced,3,108,3,1,6,4,3,2,8,7,5,1,4,2,1
1,subj.19,Mika2,f,Whippet,yes,07.01.2014,28.01.2023,1,forced,1,108,4,2,5,2,7,5,3,5,4,2,2,#DIV/0!,3
1,subj.19,Mika2,f,Whippet,yes,07.01.2014,28.01.2023,1,forced,2,108,1,7,5,3,6,1,4,7,6,1,5,#DIV/0!,2
1,subj.19,Mika2,f,Whippet,yes,07.01.2014,28.01.2023,1,forced,3,108,6,3,6,8,3,5,6,3,3,1,2,1,4
1,subj.19,Mika2,f,Whippet,yes,07.01.2014,28.01.2023,2,self-ordered,1,108,6,1,8,6,1,4,7,1,4,1,3,1,3
1,subj.19,Mika2,f,Whippet,yes,07.01.2014,28.01.2023,2,self-ordered,2,108,6,1,3,7,5,8,1,3,7,2,5,1,2
1,subj.19,Mika2,f,Whippet,yes,07.01.2014,28.01.2023,2,self-ordered,3,108,1,7,6,8,2,1,7,6,6,1,5,1,3
1,subj.20,Pinky2,f,Whippet,no data,31.03.2017,28.01.2023,1,self-ordered,1,69,3,5,3,7,5,1,3,4,3,1,2,1,3
1,subj.20,Pinky2,f,Whippet,no data,31.03.2017,28.01.2023,1,self-ordered,2,69,2,7,5,7,5,7,8,2,4,2,2,1,4
1,subj.20,Pinky2,f,Whippet,no data,31.03.2017,28.01.2023,1,self-ordered,3,69,7,1,3,1,7,1,2,5,4,2,2,1,3
1,subj.20,Pinky2,f,Whippet,no data,31.03.2017,28.01.2023,2,forced,1,69,2,8,3,4,6,7,1,2,8,1,7,1,1
1,subj.20,Pinky2,f,Whippet,no data,31.03.2017,28.01.2023,2,forced,2,69,4,1,3,5,7,1,3,8,6,2,4,#DIV/0!,2
1,subj.20,Pinky2,f,Whipster,no data,31.03.2017,28.01.2023,2,forced,3,69,7,3,2,4,6,1,3,5,7,2,5,1,1
1,subj.21,Vivi,f,Mix (Labrador),no data,12.04.2016,30.01.2023,1,self-ordered,2,81,2,8,6,5,7,3,1,2,8,1,7,1,1
1,subj.21,Vivi,f,Mix (Labrador),no data,12.04.2016,30.01.2023,1,self-ordered,3,81,6,8,7,1,5,3,5,0,7,5,2,1,1
1,subj.21,Vivi,f,Mix (Labrador),no data,12.04.2016,30.01.2023,2,forced,1,81,2,1,5,6,8,7,1,4,7,2,5,1,1
1,subj.21,Vivi,f,Mix (Labrador),no data,12.04.2016,30.01.2023,2,forced,2,81,8,6,2,5,3,6,1,7,6,2,4,#DIV/0!,1
1,subj.21,Vivi,f,Mix (Labrador),no data,12.04.2016,30.01.2023,2,forced,3,81,5,3,7,6,3,4,2,8,5,2,3,1,1
1,subj.22,Hero,m,Whippet,yes,06.07.2017,31.01.2023,1,self-ordered,1,66,2,8,1,2,3,4,5,7,4,1,3,5,1
1,subj.22,Hero,m,Whippet,yes,06.07.2017,31.01.2023,1,self-ordered,2,66,2,3,4,5,6,7,8,1,#N/A,#N/A,#N/A,7,0
1,subj.22,Hero,m,Whippet,yes,06.07.2017,31.01.2023,1,self-ordered,3,66,3,4,5,6,8,1,2,3,8,1,7,3,1
1,subj.22,Hero,m,Whippet,yes,06.07.2017,31.01.2023,2,forced,1,66,4,2,6,7,8,1,2,3,7,2,5,5,1
1,subj.22,Hero,m,Whippet,yes,06.07.2017,31.01.2023,2,forced,2,66,5,1,5,6,7,8,2,3,3,1,2,3,1
1,subj.22,Hero,m,Whippet,yes,06.07.2017,31.01.2023,2,forced,3,66,3,7,4,5,6,8,1,2,#N/A,#N/A,#N/A,2,0
1,subj.23,Nala13,f,Shepherd Mix,no,01.05.2020,01.02.2023,1,self-ordered,1,33,2,3,1,8,6,3,1,5,6,2,4,1,2
1,subj.23,Nala13,f,Shepherd Mix,no,01.05.2020,01.02.2023,1,self-ordered,2,33,4,3,5,3,8,7,6,5,4,2,2,3,2
1,subj.23,Nala13,f,Shepherd Mix,no,01.05.2020,01.02.2023,1,self-ordered,3,33,6,5,3,1,7,6,5,3,6,1,5,2,3
1,subj.23,Nala13,f,Shepherd Mix,no,01.05.2020,01.02.2023,2,forced,1,33,4,7,2,1,6,5,4,3,7,1,6,3,1
1,subj.23,Nala13,f,Shepherd Mix,no,01.05.2020,01.02.2023,2,forced,2,33,6,2,7,6,5,4,3,2,4,1,3,5,2
1,subj.23,Nala13,f,Shepherd Mix,no,01.05.2020,01.02.2023,2,forced,3,33,3,5,2,1,8,7,6,5,8,2,6,5,1
1,subj. 24,Robby,m,Jagdhundmischling,yes,01.09.2019,01.02.2023,1,self-ordered,1,41,5,6,5,4,2,1,8,7,3,1,2,3,1
1,subj. 24,Robby,m,Jagdhundmischling,yes,01.09.2019,01.02.2023,1,self-ordered,2,41,5,6,5,4,3,2,1,8,3,1,2,6,1
1,subj. 24,Robby,m,Jagdhundmischling,yes,01.09.2019,01.02.2023,1,self-ordered,3,41,5,6,4,3,2,1,8,7,#N/A,#N/A,#N/A,5,0
1,subj. 24,Robby,m,Jagdhundmischling,yes,01.09.2019,01.02.2023,2,forced,1,41,8,2,6,5,4,3,2,1,7,2,5,5,1
1,subj. 24,Robby,m,Jagdhundmischling,yes,01.09.2019,01.02.2023,2,forced,2,41,6,3,8,7,5,4,2,1,#N/A,#N/A,#N/A,1,0
1,subj. 24,Robby,m,Jagdhundmischling,yes,01.09.2019,01.02.2023,2,forced,3,41,5,1,7,6,4,3,2,5,8,1,7,2,1
1,subj.25,Lenny4,m,Podenco,yes,14.06.2019,06.02.2023,1,self-ordered,1,43,1,2,1,2,7,5,3,4,3,1,2,1,2
1,subj.25,Lenny4,m,Podenco,yes,14.06.2019,06.02.2023,1,self-ordered,2,43,2,1,5,3,2,1,5,3,5,1,4,2,4
1,subj.25,Lenny4,m,Podenco,yes,14.06.2019,06.02.2023,1,self-ordered,3,43,1,2,5,3,2,7,5,2,5,2,3,1,3
1,subj.25,Lenny4,m,Podenco,yes,14.06.2019,06.02.2023,2,forced,1,43,6,2,1,7,3,1,2,3,6,3,3,2,3
1,subj.25,Lenny4,m,Podenco,yes,14.06.2019,06.02.2023,2,forced,2,43,1,7,3,2,5,3,2,7,6,3,3,1,3
1,subj.25,Lenny4,m,Podenco,yes,14.06.2019,06.02.2023,2,forced,3,43,8,5,2,7,5,2,7,5,5,2,3,#DIV/0!,4
1,subj.26,Gandalf,m,Podenco,yes,15.07.2014,06.02.2023,1,self-ordered,1,102,2,3,7,4,1,3,6,8,6,2,4,1,1
1,subj.26,Gandalf,m,Podenco,yes,15.07.2014,06.02.2023,1,self-ordered,2,102,2,3,4,6,7,8,3,5,7,2,5,2,1
1,subj.26,Gandalf,m,Podenco,yes,15.07.2014,06.02.2023,1,self-ordered,3,102,1,2,3,5,8,7,6,1,8,1,7,2,1
1,subj.26,Gandalf,m,Podenco,yes,15.07.2014,06.02.2023,2,forced,1,102,4,1,7,2,3,4,6,8,6,1,5,2,1
1,subj.26,Gandalf,m,Podenco,yes,15.07.2014,06.02.2023,2,forced,2,102,2,6,4,2,5,6,7,8,4,1,3,3,2
1,subj.26,Gandalf,m,Podenco,yes,15.07.2014,06.02.2023,2,forced,3,102,7,3,2,1,5,6,7,1,7,1,6,2,2
1,subj.27,Monty,m,Whippet,no,05.04.2022,06.02.2023,1,self-ordered,1,10,1,3,2,5,6,7,1,2,7,1,6,2,2
1,subj.27,Monty,m,Whippet,no,05.04.2022,06.02.2023,1,self-ordered,2,10,6,5,4,3,2,1,8,7,#N/A,#N/A,#N/A,7,0
1,subj.27,Monty,m,Whippet,no,05.04.2022,06.02.2023,1,self-ordered,3,10,2,1,8,7,5,3,2,1,7,1,6,3,2
1,subj.27,Monty,m,Whippet,no,05.04.2022,06.02.2023,2,forced,1,10,2,5,3,2,4,6,7,8,4,1,3,2,1
1,subj.27,Monty,m,Whippet,no,05.04.2022,06.02.2023,2,forced,2,10,6,3,5,7,8,1,2,3,8,2,6,4,1
1,subj.27,Monty,m,Whippet,no,05.04.2022,06.02.2023,2,forced,3,10,7,1,6,8,2,4,5,6,8,3,5,2,1
1,subj.28,Timo2,m,Mix(Siberian Husky),no,01.09.2019,09.02.2023,1,forced,1,41,5,1,7,5,3,2,4,6,4,1,3,1,1
1,subj.28,Timo2,m,Mix(Siberian Husky),no,01.09.2019,09.02.2023,1,forced,2,41,8,3,1,2,3,2,4,6,5,2,3,2,2
1,subj.28,Timo2,m,Mix(Siberian Husky),no,01.09.2019,09.02.2023,1,forced,3,41,4,2,1,3,5,7,5,3,7,5,2,1,2
1,subj.28,Timo2,m,Mix(Siberian Husky),no,01.09.2019,09.02.2023,2,self-ordered,1,41,5,6,5,3,2,1,7,5,3,1,2,2,2
1,subj.28,Timo2,m,Mix(Siberian Husky),no,01.09.2019,09.02.2023,2,self-ordered,2,41,3,5,6,4,3,1,8,7,5,1,4,2,1
1,subj.28,Timo2,m,Mix(Siberian Husky),no,01.09.2019,09.02.2023,2,self-ordered,3,41,2,4,5,3,2,1,6,5,5,1,4,2,2
1,subj. 29,Diego6,m,Border Terrier,no,09.09.2017,09.02.2023,1,forced,1,65,7,4,2,5,6,3,1,7,8,1,7,1,1
1,subj. 29,Diego6,m,Border Terrier,no,09.09.2017,09.02.2023,1,forced,2,65,2,5,3,2,1,7,5,4,4,1,3,2,2
1,subj. 29,Diego6,m,Border Terrier,no,09.09.2017,09.02.2023,1,forced,3,65,3,8,2,5,6,7,2,1,7,3,4,2,1
1,subj. 29,Diego6,m,Border Terrier,no,09.09.2017,09.02.2023,2,self-ordered,1,65,5,7,1,7,3,1,8,2,4,2,2,1,2
1,subj. 29,Diego6,m,Border Terrier,no,09.09.2017,09.02.2023,2,self-ordered,2,65,4,5,6,8,2,3,7,1,#N/A,#N/A,#N/A,2,0
1,subj. 29,Diego6,m,Border Terrier,no,09.09.2017,09.02.2023,2,self-ordered,3,65,3,5,7,1,2,8,1,3,7,4,3,1,2
1,subj.31,Freeda,f,Kokoni,yes,25.12.2021,09.02.2023,1,forced,1,13,3,6,5,1,2,5,4,3,6,3,3,2,2
1,subj.31,Freeda,f,Kokoni,yes,25.12.2021,09.02.2023,1,forced,2,13,2,4,1,6,5,1,2,6,6,3,3,1,3
1,subj.31,Freeda,f,Kokoni,yes,25.12.2021,09.02.2023,1,forced,3,13,7,5,3,5,1,2,3,2,4,2,2,2,3
1,subj.31,Freeda,f,Kokoni,yes,25.12.2021,09.02.2023,2,self-ordered,1,13,1,3,1,6,4,2,1,3,3,1,2,1,3
1,subj.31,Freeda,f,Kokoni,yes,25.12.2021,09.02.2023,2,self-ordered,2,13,5,8,1,3,5,6,8,1,5,1,4,1,3
1,subj.31,Freeda,f,Kokoni,yes,25.12.2021,09.02.2023,2,self-ordered,3,13,1,5,2,1,4,2,1,3,4,1,3,1,3
1,subj.32,Mailo,m,Mix,yes,09.07.2015,09.02.2023,1,forced,1,91,6,2,6,3,2,1,8,7,3,1,2,4,2
1,subj.32,Mailo,m,Mix,yes,09.07.2015,09.02.2023,1,forced,2,91,7,4,3,2,8,7,6,4,6,1,5,2,2
1,subj. 32,Mailo,m,Mix,yes,09.07.2015,09.02.2023,1,forced,3,91,5,3,6,3,2,1,8,7,4,2,2,4,1
1,subj. 32,Mailo,m,Mix,yes,09.07.2015,09.02.2023,2,self-ordered,1,91,5,3,2,1,8,7,6,5,8,1,7,6,1
1,subj. 32,Mailo,m,Mix,yes,09.07.2015,09.02.2023,2,self-ordered,2,91,1,8,7,6,5,3,2,1,8,1,7,4,1
1,subj. 32,Mailo,m,Mix,yes,09.07.2015,09.02.2023,2,self-ordered,3,91,1,8,7,6,5,3,2,1,8,1,7,4,1
1,subj.33,Zuzu,f,"Mix (Windhund, Labrador Retriever)",yes,06.11.2020,17.02.2023,1,forced,1,27,3,6,2,1,3,1,1,2,5,1,4,1,4
1,subj.33,Zuzu,f,"Mix (Windhund, Labrador Retriever)",yes,06.11.2020,17.02.2023,1,forced,2,27,2,7,1,4,3,1,8,6,6,3,3,1,1
1,subj.33,Zuzu,f,"Mix (Windhund, Labrador Retriever)",yes,06.11.2020,17.02.2023,1,forced,3,27,5,8,1,2,3,4,1,7,7,3,4,4,1
1,subj.33,Zuzu,f,"Mix (Windhund, Labrador Retriever)",yes,06.11.2020,17.02.2023,2,self-ordered,1,27,1,2,3,4,5,6,4,3,7,4,3,5,2
1,subj.33,Zuzu,f,"Mix (Windhund, Labrador Retriever)",yes,06.11.2020,17.02.2023,2,self-ordered,2,27,2,1,7,6,5,4,3,1,8,2,6,4,1
1,subj.33,Zuzu,f,"Mix (Windhund, Labrador Retriever)",yes,06.11.2020,17.02.2023,2,self-ordered,3,27,3,2,1,8,6,5,4,2,8,2,6,3,1
1,subj.34,Lea3,f,Parson Russell Terrier,yes,30.08.2014,17.02.2023,1,forced,2,101,6,3,5,7,1,2,4,5,8,3,5,1,1
1,subj.34,Lea3,f,Parson Russell Terrier,yes,30.08.2014,17.02.2023,1,forced,3,101,5,1,2,6,1,3,5,7,5,2,3,1,2
1,subj.34,Lea3,f,Parson Russell Terrier,yes,30.08.2014,17.02.2023,2,self-ordered,1,101,2,3,7,2,3,4,6,8,4,1,3,2,2
1,subj.34,Lea3,f,Parson Russell Terrier,yes,30.08.2014,17.02.2023,2,self-ordered,2,101,4,6,1,2,3,4,6,8,6,1,5,3,2
1,subj.34,Lea3,f,Parson Russell Terrier,yes,30.08.2014,17.02.2023,2,self-ordered,3,101,5,6,8,1,2,4,5,7,7,1,6,2,1
1,subj.35,Jay2,m,French Bulldog,yes,20.07.2016,18.02.2023,1,self-ordered,1,78,2,1,4,3,7,6,5,3,8,4,4,2,1
1,subj.35,Jay2,m,French Bulldog,yes,20.07.2016,18.02.2023,1,self-ordered,2,78,1,2,8,7,5,4,1,2,7,1,6,1,2
1,subj.35,Jay2,m,French Bulldog,yes,20.07.2016,18.02.2023,1,self-ordered,3,78,2,1,8,7,2,3,4,6,5,1,4,3,1
1,subj.35,Jay2,m,French Bulldog,yes,20.07.2016,18.02.2023,2,forced,1,78,3,1,1,2,3,5,8,7,3,2,1,2,2
1,subj.35,Jay2,m,French Bulldog,yes,20.07.2016,18.02.2023,2,forced,2,78,2,7,1,2,3,5,7,8,4,1,3,2,2
1,subj.35,Jay2,m,French Bulldog,yes,20.07.2016,18.02.2023,2,forced,3,78,5,8,7,1,3,4,3,5,7,5,2,1,2
1,subj. 36,Honey,f,Australian Shepherd,no data,15.03.2019,20.02.2023,1,forced,1,47,7,2,6,4,3,1,8,7,8,1,7,2,1
1,subj. 36,Honey,f,Australian Shepherd,no data,15.03.2019,20.02.2023,1,forced,2,47,6,4,2,1,7,5,4,2,7,2,5,1,2
1,subj. 36,Honey,f,Australian Shepherd,no data,15.03.2019,20.02.2023,1,forced,3,47,3,1,4,7,6,5,4,3,7,3,4,4,2
1,subj. 36,Honey,f,Australian Shepherd,no data,15.03.2019,20.02.2023,2,self-ordered,1,47,5,7,8,1,2,3,4,5,8,1,7,6,1
1,subj. 36,Honey,f,Australian Shepherd,no data,15.03.2019,20.02.2023,2,self-ordered,2,47,4,6,5,3,2,1,8,7,#N/A,#N/A,#N/A,4,0
1,subj. 36,Honey,f,Australian Shepherd,no data,15.03.2019,20.02.2023,2,self-ordered,3,47,3,4,5,6,7,8,1,2,#N/A,#N/A,#N/A,7,0
1,subj.37,Meo,f,Australian Shepherd,no data,20.06.2012,20.02.2023,1,forced,1,128,1,7,1,2,3,4,5,6,3,1,2,5,1
1,subj.37,Meo,f,Australian Shepherd,no data,20.06.2012,20.02.2023,1,forced,2,128,5,3,2,3,1,4,6,8,4,2,2,1,1
1,subj.37,Meo,f,Australian Shepherd,no data,20.06.2012,20.02.2023,1,forced,3,128,8,6,2,4,8,7,5,1,5,1,4,1,1
1,subj.37,Meo,f,Australian Shepherd,no data,20.06.2012,20.02.2023,2,self-ordered,1,128,1,2,1,2,4,2,4,5,3,1,2,1,4
1,subj.37,Meo,f,Australian Shepherd,no data,20.06.2012,20.02.2023,2,self-ordered,2,128,3,4,5,4,5,7,1,3,4,2,2,2,3
1,subj.37,Meo,f,Australian Shepherd,no data,20.06.2012,20.02.2023,2,self-ordered,3,128,1,7,5,8,5,1,3,4,5,3,2,1,2
1,subj. 38,Poca,f,Australian Shepherd,no,22.12.2013,20.02.2023,1,forced,1,109,7,3,6,7,8,3,1,4,4,1,3,2,2
1,subj. 38,Poca,f,Australian Shepherd,no,22.12.2013,20.02.2023,1,forced,3,109,5,2,6,5,7,4,2,5,4,1,3,1,3
1,subj. 38,Poca,f,Australian Shepherd,no,22.12.2013,20.02.2023,2,self-ordered,1,109,5,7,2,4,5,8,7,6,5,1,4,2,2
1,subj. 38,Poca,f,Australian Shepherd,no,22.12.2013,20.02.2023,2,self-ordered,2,109,5,8,2,4,6,1,7,5,8,1,7,#DIV/0!,1
1,subj. 38,Poca,f,Australian Shepherd,no,22.12.2013,20.02.2023,2,self-ordered,3,109,5,2,3,6,8,5,1,4,6,1,5,1,1
1,subj.42,Goofy2,m,Mix(Golden Retriever),yes,14.01.2020,11.03.2023,1,forced,1,37,2,4,7,5,1,7,3,6,6,3,3,#DIV/0!,1
1,subj.42,Goofy2,m,Mix(Golden Retriever),yes,14.01.2020,11.03.2023,1,forced,2,37,1,7,1,7,4,7,2,7,3,1,2,#DIV/0!,4
1,subj.42,Goofy2,m,Mix(Golden Retriever),yes,14.01.2020,11.03.2023,1,forced,3,37,8,3,8,5,7,1,2,8,3,1,2,1,2
1,subj.42,Goofy2,m,Mix(Golden Retriever),yes,14.01.2020,11.03.2023,2,self-ordered,1,37,1,5,3,1,7,4,6,8,4,1,3,#DIV/0!,1
1,subj.42,Goofy2,m,Mix(Golden Retriever),yes,14.01.2020,11.03.2023,2,self-ordered,2,37,1,3,1,7,8,3,1,4,3,1,2,1,3
1,subj.42,Goofy2,m,Mix(Golden Retriever),yes,14.01.2020,11.03.2023,2,self-ordered,3,37,3,1,2,4,6,8,3,6,7,1,6,1,2
1,subj.43,Mazekeen,f,Kleiner Münsterländer,yes,10.09.2018,14.03.2023,1,forced,1,54,1,4,7,6,7,4,2,7,5,3,2,1,3
1,subj.43,Mazekeen,f,Kleiner Münsterländer,yes,10.09.2018,14.03.2023,1,forced,2,54,3,5,7,5,2,6,1,4,4,2,2,#DIV/0!,1
1,subj.43,Mazekeen,f,Kleiner Münsterländer,yes,10.09.2018,14.03.2023,1,forced,3,54,6,2,6,4,2,6,7,5,3,1,2,1,3
1,subj.43,Mazekeen,f,Kleiner Münsterländer,yes,10.09.2018,14.03.2023,2,self-ordered,1,54,7,1,4,5,2,6,8,2,8,5,3,1,1
1,subj.43,Mazekeen,f,Kleiner Münsterländer,yes,10.09.2018,14.03.2023,2,self-ordered,2,54,3,5,7,1,4,6,1,2,7,4,3,1,1
1,subj.43,Mazekeen,f,Kleiner Münsterländer,yes,10.09.2018,14.03.2023,2,self-ordered,3,54,6,3,5,7,5,3,2,6,5,3,2,1,3
1,subj.44,Lilo3,f,Dwarf Poodle,yes,18.06.2021,17.03.2023,1,forced,1,20,1,6,3,6,5,4,3,2,4,2,2,4,2
1,subj.44,Lilo3,f,Dwarf Poodle,yes,18.06.2021,17.03.2023,2,self-ordered,1,20,3,2,1,7,6,5,4,3,8,1,7,4,1
1,subj.44,Lilo3,f,Dwarf Poodle,yes,18.06.2021,17.03.2023,2,self-ordered,2,20,2,3,5,6,7,6,4,2,6,4,2,2,2
1,subj.44,Lilo3,f,Dwarf Poodle,yes,18.06.2021,17.03.2023,2,self-ordered,3,20,5,6,5,4,3,1,8,7,3,1,2,3,1
1,subj.45,Loki6,m,Berner Sennenhund,yes,22.07.2015,20.03.2023,1,forced,1,91,3,4,5,8,2,3,4,6,6,1,5,2,2
1,subj.45,Loki6,m,Berner Sennenhund,yes,22.07.2015,20.03.2023,1,forced,2,91,5,7,2,3,5,7,2,4,5,1,4,1,3
1,subj.45,Loki6,m,Berner Sennenhund,yes,22.07.2015,20.03.2023,1,forced,3,91,5,7,6,4,2,5,4,1,6,1,5,1,2
1,subj.45,Loki6,m,Berner Sennenhund,yes,22.07.2015,20.03.2023,2,self-ordered,1,91,8,2,3,4,5,7,8,2,7,1,6,3,2
1,subj.45,Loki6,m,Berner Sennenhund,yes,22.07.2015,20.03.2023,2,self-ordered,2,91,3,6,2,1,3,4,5,7,5,1,4,2,1
1,subj.45,Loki6,m,Berner Sennenhund,yes,22.07.2015,20.03.2023,2,self-ordered,3,91,7,1,3,1,2,4,6,8,4,2,2,1,1
1,subj.46,Kukie,f,Border Terrier,no,17.09.2021,20.03.2023,1,forced,1,18,2,4,1,7,5,2,1,8,6,1,5,2,2
1,subj.46,Kukie,f,Border Terrier,no,17.09.2021,20.03.2023,1,forced,2,18,7,5,3,1,7,6,4,3,5,1,4,1,2
1,subj.46,Kukie,f,Border Terrier,no,17.09.2021,20.03.2023,1,forced,3,18,6,8,5,3,1,7,5,4,7,3,4,1,1
1,subj.46,Kukie,f,Border Terrier,no,17.09.2021,20.03.2023,2,self-ordered,1,18,5,3,1,8,6,5,4,2,6,1,5,2,1
1,subj.46,Kukie,f,Border Terrier,no,17.09.2021,20.03.2023,2,self-ordered,2,18,4,6,4,1,7,5,3,1,3,1,2,#DIV/0!,2
1,subj.46,Kukie,f,Border Terrier,no,17.09.2021,20.03.2023,2,self-ordered,3,18,5,3,1,8,6,5,3,2,6,1,5,1,2
1,subj.47,Emil10,m,Chihuahua,no data,01.12.2017,20.03.2023,1,forced,1,63,7,5,1,4,6,8,3,2,#N/A,#N/A,#N/A,1,0
1,subj.47,Emil10,m,Chihuahua,no data,01.12.2017,20.03.2023,1,forced,2,63,6,2,5,3,1,8,7,6,8,1,7,3,1
1,subj.47,Emil10,m,Chihuahua,no data,01.12.2017,20.03.2023,1,forced,3,63,8,3,7,5,3,2,1,8,5,2,3,3,2
1,subj.47,Emil10,m,Chihuahua,no data,01.12.2017,20.03.2023,2,self-ordered,1,63,1,3,4,7,1,3,4,7,5,1,4,1,4
1,subj.47,Emil10,m,Chihuahua,no data,01.12.2017,20.03.2023,2,self-ordered,2,63,2,1,3,5,8,4,8,7,7,5,2,1,1
1,subj.47,Emil10,m,Chihuahua,no data,01.12.2017,20.03.2023,2,self-ordered,3,63,3,5,6,8,2,3,1,6,6,1,5,1,2
1,subj.48,Lucy18,f,Miniature Poodle,no,03.09.2021,24.03.2023,1,forced,1,18,5,2,2,1,2,4,5,6,3,2,1,2,3
1,subj.48,Lucy18,f,Miniature Poodle,no,03.09.2021,24.03.2023,1,forced,2,18,4,8,2,3,4,5,6,7,5,1,4,5,1
1,subj.48,Lucy18,f,Miniature Poodle,no,03.09.2021,24.03.2023,1,forced,3,18,1,7,2,3,4,6,7,8,7,2,5,2,1
1,subj.48,Lucy18,f,Miniature Poodle,no,03.09.2021,24.03.2023,2,self-ordered,1,18,2,3,4,6,7,8,1,2,8,1,7,4,1
1,subj.48,Lucy18,f,Miniature Poodle,no,03.09.2021,24.03.2023,2,self-ordered,2,18,3,4,5,6,7,8,1,2,#N/A,#N/A,#N/A,7,0
1,subj.48,Lucy18,f,Miniature Poodle,no,03.09.2021,24.03.2023,2,self-ordered,3,18,3,4,5,6,7,8,1,2,#N/A,#N/A,#N/A,7,0
1,subj.49,Jimi,m,Mix(Bull Terrier),yes,07.10.2010,17.03.2023,1,forced,1,149,2,7,5,4,6,4,3,1,6,4,2,1,1
1,subj.49,Jimi,m,Mix(Bull Terrier),yes,07.10.2010,17.03.2023,1,forced,2,149,1,6,4,5,8,2,4,6,7,3,4,1,2
1,subj.49,Jimi,m,Mix(Bull Terrier),yes,07.10.2010,17.03.2023,1,forced,3,149,5,3,6,8,2,4,6,4,7,3,4,#DIV/0!,2
1,subj.49,Jimi,m,Mix(Bull Terrier),yes,07.10.2010,17.03.2023,2,self-ordered,1,149,5,4,3,2,8,6,5,4,7,1,6,3,2
1,subj.49,Jimi,m,Mix(Bull Terrier),yes,07.10.2010,17.03.2023,2,self-ordered,2,149,8,6,4,3,2,8,6,5,6,1,5,2,2
1,subj.49,Jimi,m,Mix(Bull Terrier),yes,07.10.2010,17.03.2023,2,self-ordered,3,149,2,4,3,1,8,6,5,4,8,2,6,2,1
1,subj.50,Akido,m,Mix(Border Collie),yes,42018,25.03.2023,1,self-ordered,1,98,4,6,5,7,1,2,4,6,7,1,6,1,2
1,subj.50,Akido,m,Mix(Border Collie),yes,42018,25.03.2023,1,self-ordered,2,98,4,6,8,2,3,5,7,1,#N/A,#N/A,#N/A,1,0
1,subj.50,Akido,m,Mix(Border Collie),yes,42018,25.03.2023,1,self-ordered,3,98,6,5,7,2,4,6,1,3,6,1,5,1,1
1,subj.50,Akido,m,Mix(Border Collie),yes,42018,25.03.2023,2,forced,1,98,7,1,5,3,5,7,1,3,5,3,2,#DIV/0!,4
1,subj.50,Akido,m,Mix(Border Collie),yes,42018,25.03.2023,2,forced,2,98,2,8,4,6,1,3,5,7,#N/A,#N/A,#N/A,#DIV/0!,0
1,subj.50,Akido,m,Mix(Border Collie),yes,42018,25.03.2023,2,forced,3,98,3,6,4,6,1,2,4,6,4,2,2,1,3
1,subj.51,Lexi3,f,"Mix(Kelpie, Shepherd dog)",yes,01.04.2019,25.03.2023,1,forced,1,47,4,7,1,2,3,4,5,7,6,1,5,4,2
1,subj.51,Lexi3,f,"Mix(Kelpie, Shepherd dog)",yes,01.04.2019,25.03.2023,1,forced,2,47,8,3,8,6,4,2,7,5,3,1,2,#DIV/0!,1
1,subj.51,Lexi3,f,"Mix(Kelpie, Shepherd dog)",yes,01.04.2019,25.03.2023,1,forced,3,47,3,2,1,7,6,5,4,2,8,2,6,3,1
1,subj.51,Lexi3,f,"Mix(Kelpie, Shepherd dog)",yes,01.04.2019,25.03.2023,2,self-ordered,1,47,2,8,3,5,4,3,2,8,6,3,3,3,3
1,subj.51,Lexi3,f,"Mix(Kelpie, Shepherd dog)",yes,01.04.2019,25.03.2023,2,self-ordered,2,47,4,6,8,6,5,3,2,1,4,2,2,2,1
1,subj.51,Lexi3,f,"Mix(Kelpie, Shepherd dog)",yes,01.04.2019,25.03.2023,2,self-ordered,3,47,3,5,7,6,5,3,2,1,5,2,3,2,2
1,subj.53,Dante4,m,Eurasier,yes,44239,45013,1,self-ordered,1,25,1,8,7,4,3,2,1,8,7,1,6,4,2
1,subj.53,Dante4,m,Eurasier,yes,44239,45013,1,self-ordered,2,25,5,8,1,7,6,4,3,2,#N/A,#N/A,#N/A,2,0
1,subj.53,Dante4,m,Eurasier,yes,44239,45013,1,self-ordered,3,25,7,6,1,8,7,6,2,8,5,1,4,3,3
1,subj.53,Dante4,m,Eurasier,yes,44239,45013,2,forced,1,25,5,2,8,7,6,4,3,2,8,2,6,2,1
1,subj.53,Dante4,m,Eurasier,yes,44239,45013,2,forced,2,25,1,6,5,4,8,7,5,2,7,3,4,2,1
1,subj.53,Dante4,m,Eurasier,yes,44239,45013,2,forced,3,25,4,8,7,1,3,1,8,6,6,4,2,1,2
1,subj.54,Reni,f,Mix(Shepherd),yes,01.04.2018,29.03.2023,1,forced,1,59,1,6,7,8,2,3,4,5,#N/A,#N/A,#N/A,3,0
1,subj.54,Reni,f,Mix(Shepherd),yes,01.04.2018,29.03.2023,1,forced,2,59,4,8,1,2,3,4,5,6,6,1,5,6,1
1,subj.54,Reni,f,Mix(Shepherd),yes,01.04.2018,29.03.2023,1,forced,3,59,5,7,3,2,1,8,7,5,7,2,5,4,2
1,subj.54,Reni,f,Mix(Shepherd),yes,01.04.2018,29.03.2023,2,self-ordered,1,59,3,4,5,6,7,8,1,2,#N/A,#N/A,#N/A,7,0
1,subj.54,Reni,f,Mix(Shepherd),yes,01.04.2018,29.03.2023,2,self-ordered,2,59,6,5,3,4,5,6,7,8,5,2,3,5,2
1,subj.54,Reni,f,Mix(Shepherd),yes,01.04.2018,29.03.2023,2,self-ordered,3,59,2,3,4,5,6,7,6,7,7,5,2,5,2
1,subj.55,Tenya,f,Collie Rough,yes,13.03.2016,30.03.2023,1,forced,1,84,1,6,7,8,2,3,4,5,#N/A,#N/A,#N/A,3,0
1,subj.55,Tenya,f,Collie Rough,yes,13.03.2016,30.03.2023,1,forced,2,84,4,8,1,2,3,4,5,6,6,1,5,6,1
1,subj.55,Tenya,f,Collie Rough,yes,13.03.2016,30.03.2023,1,forced,3,84,5,7,3,2,1,8,7,5,7,2,5,4,2
1,subj.55,Tenya,f,Collie Rough,yes,13.03.2016,30.03.2023,2,self-ordered,1,84,3,4,5,6,7,8,1,2,#N/A,#N/A,#N/A,7,0
1,subj.55,Tenya,f,Collie Rough,yes,13.03.2016,30.03.2023,2,self-ordered,2,84,6,5,3,4,5,6,7,8,5,2,3,5,2
1,subj.55,Tenya,f,Collie Rough,yes,13.03.2016,30.03.2023,2,self-ordered,3,84,2,3,4,5,6,7,6,7,7,5,2,5,2
1,subj.56,Nele4,f,Löwchen,no,10.12.2021,11.04.2023,1,self-ordered,1,16,1,4,2,1,8,7,5,3,4,1,3,3,1
1,subj.56,Nele4,f,Löwchen,no,10.12.2021,11.04.2023,1,self-ordered,2,16,7,5,1,8,7,6,4,3,5,1,4,3,1
1,subj.56,Nele4,f,Löwchen,no,10.12.2021,11.04.2023,1,self-ordered,3,16,8,3,2,1,8,6,5,4,5,1,4,3,1
1,subj.56,Nele4,f,Löwchen,no,10.12.2021,11.04.2023,2,forced,1,16,1,8,7,6,5,4,9,2,#N/A,#N/A,#N/A,5,0
1,subj.56,Nele4,f,Löwchen,no,10.12.2021,11.04.2023,2,forced,2,16,6,5,3,1,7,5,3,1,6,2,4,1,3
1,subj.56,Nele4,f,Löwchen,no,10.12.2021,11.04.2023,2,forced,3,16,8,7,6,5,4,3,2,1,#N/A,#N/A,#N/A,7,0
1,subj.57,Zira,f,Havaneser,no,10.12.2021,11.04.2023,1,forced,1,16,7,1,7,5,2,2,1,7,3,1,2,1,4
1,subj.57,Zira,f,Havaneser,no,10.12.2021,11.04.2023,1,forced,2,16,1,7,5,4,2,8,7,5,7,2,5,1,2
1,subj.57,Zira,f,Havaneser,no,10.12.2021,11.04.2023,1,forced,3,16,5,3,1,7,5,4,2,8,5,1,4,1,1
1,subj.57,Zira,f,Havaneser,no,10.12.2021,11.04.2023,2,self-ordered,1,16,8,4,2,1,8,7,5,4,5,1,4,3,2
1,subj.57,Zira,f,Havaneser,no,10.12.2021,11.04.2023,2,self-ordered,2,16,3,5,6,5,2,8,7,5,4,2,2,1,2
1,subj.57,Zira,f,Havaneser,no,10.12.2021,11.04.2023,2,self-ordered,3,16,1,7,5,6,3,2,8,6,8,4,4,1,1
1,subj.58,Anubis3,m,Italian Greyhound,no,15.04.2018,11.04.2023,1,self-ordered,1,59,3,2,7,4,8,3,8,2,6,1,5,1,3
1,subj.58,Anubis3,m,Italian Greyhound,no,15.04.2018,11.04.2023,1,self-ordered,2,59,5,7,2,5,7,4,7,3,4,1,3,#DIV/0!,3
1,subj.58,Anubis3,m,Italian Greyhound,no,15.04.2018,11.04.2023,1,self-ordered,3,59,5,4,6,2,3,6,5,1,6,3,3,1,2
1,subj.58,Anubis3,m,Italian Greyhound,no,15.04.2018,11.04.2023,2,forced,1,59,2,8,8,7,5,3,1,5,3,2,1,1,2
1,subj.58,Anubis3,m,Italian Greyhound,no,15.04.2018,11.04.2023,2,forced,2,59,7,4,7,8,1,3,1,2,3,1,2,2,2
1,subj.58,Anubis3,m,Italian Greyhound,no,15.04.2018,11.04.2023,2,forced,3,59,5,1,6,4,3,1,7,1,6,2,4,1,2
1,subj.59,Quintus,m,Hovawart,yes,14.05.2019,20.04.2023,1,forced,1,47,6,8,2,3,4,1,7,5,#N/A,#N/A,#N/A,2,0
1,subj.59,Quintus,m,Hovawart,yes,14.05.2019,20.04.2023,1,forced,2,47,3,5,2,8,6,4,2,8,7,3,4,#DIV/0!,2
1,subj.59,Quintus,m,Hovawart,yes,14.05.2019,20.04.2023,1,forced,3,47,4,1,2,3,4,6,5,7,5,1,4,3,1
1,subj.59,Quintus,m,Hovawart,yes,14.05.2019,20.04.2023,2,self-ordered,1,47,5,2,1,7,5,4,2,8,5,1,4,1,2
1,subj.59,Quintus,m,Hovawart,yes,14.05.2019,20.04.2023,2,self-ordered,2,47,5,6,1,2,7,5,3,1,6,1,5,1,2
1,subj.59,Quintus,m,Hovawart,yes,14.05.2019,20.04.2023,2,self-ordered,3,47,3,1,4,3,1,6,4,3,4,1,3,1,4
1,subj.60,Teodor,m,Mischling,yes,06.06.2018,21.04.2023,1,self-ordered,1,58,2,1,3,5,3,8,4,1,5,3,2,1,2
1,subj.60,Teodor,m,Mischling,yes,06.06.2018,21.04.2023,1,self-ordered,2,58,5,3,1,7,5,3,8,6,5,1,4,#DIV/0!,2
1,subj.60,Teodor,m,Mischling,yes,06.06.2018,21.04.2023,1,self-ordered,3,58,6,4,2,1,7,6,4,7,6,1,5,1,3
1,subj.60,Teodor,m,Mischling,yes,06.06.2018,21.04.2023,2,forced,1,58,2,6,7,2,1,6,4,7,4,1,3,1,3
1,subj.60,Teodor,m,Mischling,yes,06.06.2018,21.04.2023,2,forced,2,58,7,4,1,5,3,2,7,6,7,1,6,1,1
1,subj.60,Teodor,m,Mischling,yes,06.06.2018,21.04.2023,2,forced,3,58,5,8,4,2,3,1,8,6,7,2,5,1,1
1,subj.62,Maro,m,Mischling,#N/A,15.02.2020,15.04.2023,1,forced,1,38,7,3,2,1,5,7,8,6,6,1,5,2,1
1,subj.62,Maro,m,Mischling,#N/A,15.02.2020,15.04.2023,1,forced,2,38,4,6,3,1,7,5,4,2,7,1,6,1,1
1,subj.62,Maro,m,Mischling,#N/A,15.02.2020,15.04.2023,1,forced,3,38,1,2,5,1,6,2,8,3,4,1,3,1,2
1,subj.62,Maro,m,Mischling,#N/A,15.02.2020,15.04.2023,2,self-ordered,1,38,8,1,7,4,3,8,1,2,6,1,5,2,2
1,subj.62,Maro,m,Mischling,#N/A,15.02.2020,15.04.2023,2,self-ordered,2,38,6,1,5,3,7,6,5,2,6,1,5,2,2
1,subj.62,Maro,m,Mischling,#N/A,15.02.2020,15.04.2023,2,self-ordered,3,38,6,8,2,4,1,5,3,8,8,2,6,#DIV/0!,1
1,subj.63,Felix6,m,Zwergspitz,yes,17.12.2015,28.04.2023,1,self-ordered,1,88,7,2,3,4,5,6,7,8,7,1,6,6,1
1,subj.63,Felix6,m,Zwergspitz,yes,17.12.2015,28.04.2023,1,self-ordered,2,88,1,7,5,3,4,5,6,8,6,3,3,3,1
1,subj.63,Felix6,m,Zwergspitz,yes,17.12.2015,28.04.2023,1,self-ordered,3,88,6,7,8,1,3,2,7,8,7,2,5,3,2
1,subj.63,Felix6,m,Zwergspitz,yes,17.12.2015,28.04.2023,2,forced,1,88,4,6,1,3,5,6,7,8,6,2,4,3,1
1,subj.63,Felix6,m,Zwergspitz,yes,17.12.2015,28.04.2023,2,forced,2,88,3,5,7,1,2,3,4,5,6,1,5,4,2
1,subj.64,Neo,m,Schäferhund,#N/A,25.05.2022,05.05.2023,1,self-ordered,1,11,1,2,1,2,3,4,5,6,3,1,2,5,2
1,subj.64,Neo,m,Schäferhund,#N/A,25.05.2022,05.05.2023,1,self-ordered,2,11,1,2,3,4,5,7,1,2,7,1,6,4,2
1,subj.64,Neo,m,Schäferhund,#N/A,25.05.2022,05.05.2023,1,self-ordered,3,11,1,2,3,4,5,7,8,1,8,1,7,4,1
1,subj.65,Ella3,f,Mix (Golden Doodle),no,19.10.2021,15.04.2023,1,self-ordered,1,17,3,1,3,5,7,8,5,3,3,1,2,1,3
1,subj.65,Ella3,f,Mix (Golden Doodle),no,19.10.2021,15.04.2023,1,self-ordered,2,17,6,3,5,2,4,6,8,1,6,1,5,1,1
1,subj.65,Ella3,f,Mix (Golden Doodle),no,19.10.2021,15.04.2023,1,self-ordered,3,17,5,6,7,3,5,7,3,1,5,1,4,2,3
2,subj.02,Moon2,f,Australian Shepherd,no,31.10.2021,#N/A,1,self-ordered,1,#N/A,2,1,8,6,5,4,3,2,8,1,7,4,1
2,subj.02,Moon2,f,Australian Shepherd,no,31.10.2021,#N/A,1,self-ordered,2,#N/A,5,4,3,2,1,8,6,5,8,1,7,5,1
2,subj.02,Moon2,f,Australian Shepherd,no,31.10.2021,#N/A,1,self-ordered,3,#N/A,2,1,8,6,7,5,4,3,#N/A,#N/A,#N/A,2,0
2,subj.02,Moon2,f,Australian Shepherd,no,31.10.2021,#N/A,2,forced,1,#N/A,1,7,3,2,1,8,7,5,5,1,4,4,2
2,subj.02,Moon2,f,Australian Shepherd,no,31.10.2021,#N/A,2,forced,2,#N/A,8,3,2,1,8,7,5,4,5,1,4,4,1
2,subj.02,Moon2,f,Australian Shepherd,no,31.10.2021,#N/A,2,forced,3,#N/A,4,2,4,3,2,1,8,6,3,1,2,4,2
2,subj.05,Tofu,m,Cocker Spaniel,yes,26.09.2021,#N/A,1,forced,1,#N/A,2,7,1,8,7,6,5,4,5,2,3,5,1
2,subj.05,Tofu,m,Cocker Spaniel,yes,26.09.2021,#N/A,1,forced,2,#N/A,6,3,1,8,7,6,5,4,6,1,5,5,1
2,subj.05,Tofu,m,Cocker Spaniel,yes,26.09.2021,#N/A,1,forced,3,#N/A,1,5,1,8,7,6,5,4,3,1,2,5,2
2,subj.05,Tofu,m,Cocker Spaniel,yes,26.09.2021,#N/A,2,self-ordered,1,#N/A,5,4,3,2,1,8,7,6,#N/A,#N/A,#N/A,7,0
2,subj.05,Tofu,m,Cocker Spaniel,yes,26.09.2021,#N/A,2,self-ordered,2,#N/A,7,6,5,4,3,2,1,8,#N/A,#N/A,#N/A,7,0
2,subj.05,Tofu,m,Cocker Spaniel,yes,26.09.2021,#N/A,2,self-ordered,3,#N/A,5,4,3,2,3,2,1,8,5,3,2,3,2
2,subj.06,Kito,m,"Mix (Westgoten Spitz, Jack russel)",no,01.08.2020,#N/A,1,self-ordered,1,#N/A,4,8,7,1,2,3,4,5,7,1,6,4,1
2,subj.06,Kito,m,"Mix (Westgoten Spitz, Jack russel)",no,01.08.2020,#N/A,1,self-ordered,2,#N/A,7,2,8,7,6,5,4,3,4,1,3,5,1
2,subj.06,Kito,m,"Mix (Westgoten Spitz, Jack russel)",no,01.08.2020,#N/A,1,self-ordered,3,#N/A,6,1,8,2,1,8,7,6,5,2,3,4,3
2,subj.06,Kito,m,"Mix (Westgoten Spitz, Jack russel)",no,01.08.2020,#N/A,2,forced,1,#N/A,1,3,4,5,6,7,8,1,8,1,7,6,1
2,subj.06,Kito,m,"Mix (Westgoten Spitz, Jack russel)",no,01.08.2020,#N/A,2,forced,2,#N/A,8,7,5,6,7,8,1,2,5,2,3,5,2
2,subj.06,Kito,m,"Mix (Westgoten Spitz, Jack russel)",no,01.08.2020,#N/A,2,forced,3,#N/A,5,6,7,8,1,2,3,4,#N/A,#N/A,#N/A,7,0
2,subj.08,Ava2,f,Louisiana Catahoula Leopard Dog,yes,28.10.2016,#N/A,1,forced,1,#N/A,1,3,4,5,6,7,2,3,8,2,6,4,1
2,subj.08,Ava2,f,Louisiana Catahoula Leopard Dog,yes,28.10.2016,#N/A,1,forced,2,#N/A,8,6,2,3,5,6,1,4,6,2,4,1,1
2,subj.08,Ava2,f,Louisiana Catahoula Leopard Dog,yes,28.10.2016,#N/A,1,forced,3,#N/A,4,2,5,6,7,8,2,3,7,2,5,3,1
2,subj.08,Ava2,f,Louisiana Catahoula Leopard Dog,yes,28.10.2016,#N/A,2,self-ordered,1,#N/A,5,6,1,2,8,5,3,1,6,1,5,1,2
2,subj.08,Ava2,f,Louisiana Catahoula Leopard Dog,yes,28.10.2016,#N/A,2,self-ordered,2,#N/A,2,1,7,5,6,2,4,5,6,1,5,1,2
2,subj.08,Ava2,f,Louisiana Catahoula Leopard Dog,yes,28.10.2016,#N/A,2,self-ordered,3,#N/A,2,3,7,8,6,7,5,1,6,3,3,1,1
2,subj.09,Maze,f,Mix/Greyster,no,28.11.2021,#N/A,1,forced,1,#N/A,4,1,3,5,2,4,3,2,6,1,5,2,3
2,subj.09,Maze,f,Mix/Greyster,no,28.11.2021,#N/A,1,forced,2,#N/A,8,5,3,6,2,1,7,4,#N/A,#N/A,#N/A,1,0
2,subj.09,Maze,f,Mix/Greyster,no,28.11.2021,#N/A,1,forced,3,#N/A,7,2,6,5,3,2,1,8,6,2,4,3,1
2,subj.09,Maze,f,Mix/Greyster,no,28.11.2021,#N/A,2,self-ordered,1,#N/A,3,2,5,8,6,4,3,1,7,1,6,1,1
2,subj.09,Maze,f,Mix/Greyster,no,28.11.2021,#N/A,2,self-ordered,2,#N/A,5,3,2,8,6,5,3,2,6,1,5,1,3
2,subj.09,Maze,f,Mix/Greyster,no,28.11.2021,#N/A,2,self-ordered,3,#N/A,4,7,3,2,1,8,6,4,8,1,7,3,1
2,subj.10,Twix,m,Mix (Labrador Retriever),yes,01.01.2010,#N/A,1,self-ordered,1,#N/A,5,3,2,8,6,5,3,1,6,1,5,1,2
2,subj.10,Twix,m,Mix (Labrador Retriever),yes,01.01.2010,#N/A,1,self-ordered,2,#N/A,2,1,8,6,5,3,1,8,7,2,5,2,2
2,subj.10,Twix,m,Mix (Labrador Retriever),yes,01.01.2010,#N/A,1,self-ordered,3,#N/A,7,1,8,7,5,3,1,8,4,1,3,2,3
2,subj.10,Twix,m,Mix (Labrador Retriever),yes,01.01.2010,#N/A,2,forced,1,#N/A,8,2,8,7,5,4,3,1,3,1,2,2,1
2,subj.10,Twix,m,Mix (Labrador Retriever),yes,01.01.2010,#N/A,2,forced,2,#N/A,5,3,7,6,5,3,2,1,5,1,4,2,2
2,subj.10,Twix,m,Mix (Labrador Retriever),yes,01.01.2010,#N/A,2,forced,3,#N/A,1,7,1,8,7,5,4,3,3,1,2,2,2
2,subj.11,Blue5,f,Australian Shepherd,yes,15.09.2013,#N/A,1,self-ordered,1,#N/A,3,2,5,3,2,5,3,2,4,1,3,1,5
2,subj.11,Blue5,f,Australian Shepherd,yes,15.09.2013,#N/A,1,self-ordered,2,#N/A,5,6,7,2,3,2,8,7,6,4,2,2,2
2,subj.11,Blue5,f,Australian Shepherd,yes,15.09.2013,#N/A,1,self-ordered,3,#N/A,7,5,3,2,8,7,5,3,6,1,5,1,3
2,subj.11,Blue5,f,Australian Shepherd,yes,15.09.2013,#N/A,2,forced,1,#N/A,2,7,2,3,5,6,5,3,3,1,2,1,3
2,subj.11,Blue5,f,Australian Shepherd,yes,15.09.2013,#N/A,2,forced,2,#N/A,6,3,8,6,5,3,5,3,4,1,3,1,4
2,subj.11,Blue5,f,Australian Shepherd,yes,15.09.2013,#N/A,2,forced,3,#N/A,4,8,2,5,7,5,3,2,6,4,2,1,2
2,subj.15,Albert,m,Dansky,yes,26.06.2018,#N/A,1,self-ordered,1,#N/A,5,6,5,3,7,6,8,7,3,1,2,1,3
2,subj.15,Albert,m,Dansky,yes,26.06.2018,#N/A,1,self-ordered,2,#N/A,4,6,5,7,2,3,6,8,7,2,5,1,1
2,subj.15,Albert,m,Dansky,yes,26.06.2018,#N/A,1,self-ordered,3,#N/A,7,6,4,2,7,6,5,1,5,1,4,2,2
2,subj.15,Albert,m,Dansky,yes,26.06.2018,#N/A,2,forced,1,#N/A,5,3,8,7,1,4,3,2,7,2,5,2,1
2,subj.15,Albert,m,Dansky,yes,26.06.2018,#N/A,2,forced,2,#N/A,2,6,8,7,2,3,5,7,5,1,4,1,2
2,subj.15,Albert,m,Dansky,yes,26.06.2018,#N/A,2,forced,3,#N/A,7,4,5,6,8,2,3,5,8,3,5,2,1
2,subj.17,Fendi,m,Mix,yes,20.04.2019,#N/A,1,self-ordered,1,#N/A,6,7,8,1,2,3,4,5,#N/A,#N/A,#N/A,7,0
2,subj.17,Fendi,m,Mix,yes,20.04.2019,#N/A,1,self-ordered,2,#N/A,3,4,5,6,7,8,1,2,#N/A,#N/A,#N/A,7,0
2,subj.17,Fendi,m,Mix,yes,20.04.2019,#N/A,1,self-ordered,3,#N/A,4,5,6,7,8,1,2,3,#N/A,#N/A,#N/A,7,0
2,subj.17,Fendi,m,Mix,yes,20.04.2019,#N/A,2,forced,1,#N/A,2,7,1,2,3,4,5,6,4,1,3,5,1
2,subj.17,Fendi,m,Mix,yes,20.04.2019,#N/A,2,forced,2,#N/A,4,8,1,2,3,4,5,6,6,1,5,6,1
2,subj.17,Fendi,m,Mix,yes,20.04.2019,#N/A,2,forced,3,#N/A,6,1,2,3,4,5,6,7,7,1,6,6,1
2,subj.25,Lenny4,m,Podenco,yes,14.06.2019,#N/A,1,self-ordered,1,#N/A,6,1,6,2,7,6,3,1,3,1,2,1,3
2,subj.25,Lenny4,m,Podenco,yes,14.06.2019,#N/A,1,self-ordered,2,#N/A,6,8,6,3,1,7,8,6,3,1,2,1,3
2,subj.25,Lenny4,m,Podenco,yes,14.06.2019,#N/A,1,self-ordered,3,#N/A,5,3,8,6,3,8,7,5,5,2,3,1,3
2,subj.25,Lenny4,m,Podenco,yes,14.06.2019,#N/A,2,forced,1,#N/A,7,4,5,3,8,6,3,4,7,4,3,1,2
2,subj.25,Lenny4,m,Podenco,yes,14.06.2019,#N/A,2,forced,2,#N/A,6,1,3,5,8,6,3,5,6,1,5,#DIV/0!,3
2,subj.25,Lenny4,m,Podenco,yes,14.06.2019,#N/A,2,forced,3,#N/A,5,8,2,7,2,7,8,6,5,3,2,1,3
2,subj.26,Gandalf,m,Podenco,yes,15.07.2019,#N/A,1,self-ordered,1,#N/A,4,6,7,1,4,6,7,1,5,1,4,1,4
2,subj.26,Gandalf,m,Podenco,yes,15.07.2019,#N/A,1,self-ordered,2,#N/A,2,4,6,7,8,6,4,2,6,3,3,2,3
2,subj.26,Gandalf,m,Podenco,yes,15.07.2019,#N/A,1,self-ordered,3,#N/A,2,4,5,6,7,8,1,2,8,1,7,6,1
2,subj.26,Gandalf,m,Podenco,yes,15.07.2019,#N/A,2,forced,1,#N/A,3,5,6,7,8,1,2,3,8,1,7,6,1
2,subj.26,Gandalf,m,Podenco,yes,15.07.2019,#N/A,2,forced,2,#N/A,8,2,4,5,6,7,1,2,8,2,6,3,1
2,subj.26,Gandalf,m,Podenco,yes,15.07.2019,#N/A,2,forced,3,#N/A,7,1,2,4,5,6,7,8,7,1,6,4,1
2,subj.28,Timo2,m,Mix(Siberian Husky),no,01.09.2019,#N/A,1,forced,1,#N/A,5,7,4,5,6,8,1,2,4,1,3,2,1
2,subj.28,Timo2,m,Mix(Siberian Husky),no,01.09.2019,#N/A,1,forced,2,#N/A,4,8,5,6,4,3,4,1,5,1,4,1,2
2,subj.28,Timo2,m,Mix(Siberian Husky),no,01.09.2019,#N/A,1,forced,3,#N/A,6,2,5,7,8,1,6,5,7,1,6,2,2
2,subj.28,Timo2,m,Mix(Siberian Husky),no,01.09.2019,#N/A,2,self-ordered,1,#N/A,4,5,6,8,2,1,7,5,8,2,6,2,1
2,subj.28,Timo2,m,Mix(Siberian Husky),no,01.09.2019,#N/A,2,self-ordered,2,#N/A,1,3,2,8,6,4,3,1,7,2,5,1,2
2,subj.28,Timo2,m,Mix(Siberian Husky),no,01.09.2019,#N/A,2,self-ordered,3,#N/A,1,7,5,2,8,6,4,5,8,3,5,1,1
2,subj.32,Mailo,m,Mix,yes,09.07.2015,#N/A,1,forced,1,#N/A,1,7,5,4,3,2,1,8,7,1,6,5,1
2,subj.32,Mailo,m,Mix,yes,09.07.2015,#N/A,1,forced,2,#N/A,2,4,1,8,7,6,5,4,8,2,6,5,1
2,subj.32,Mailo,m,Mix,yes,09.07.2015,#N/A,1,forced,3,#N/A,8,3,2,1,8,7,6,5,5,1,4,6,1
2,subj.32,Mailo,m,Mix,yes,09.07.2015,#N/A,2,self-ordered,1,#N/A,3,2,1,8,7,6,5,4,#N/A,#N/A,#N/A,7,0
2,subj.32,Mailo,m,Mix,yes,09.07.2015,#N/A,2,self-ordered,2,#N/A,8,6,5,2,1,8,7,6,6,1,5,4,2
2,subj.32,Mailo,m,Mix,yes,09.07.2015,#N/A,2,self-ordered,3,#N/A,6,8,7,6,5,4,3,2,4,1,3,6,1
2,subj.34,Lea3,f,Parson Russell Terrier,yes,30.08.2014,#N/A,1,forced,1,#N/A,1,7,2,3,4,5,6,7,8,2,6,5,1
2,subj.34,Lea3,f,Parson Russell Terrier,yes,30.08.2014,#N/A,1,forced,2,#N/A,4,8,2,3,5,6,7,8,8,2,6,3,1
2,subj.34,Lea3,f,Parson Russell Terrier,yes,30.08.2014,#N/A,1,forced,3,#N/A,3,6,1,2,4,5,7,8,#N/A,#N/A,#N/A,1,0
2,subj.34,Lea3,f,Parson Russell Terrier,yes,30.08.2014,#N/A,2,self-ordered,1,#N/A,3,5,6,7,8,2,4,6,8,3,5,3,1
2,subj.34,Lea3,f,Parson Russell Terrier,yes,30.08.2014,#N/A,2,self-ordered,2,#N/A,3,4,5,6,7,8,2,3,8,1,7,5,1
2,subj.12,Oscar2,m,Ilky Moon Havaneser,yes,24.11.2020,#N/A,1,self-ordered,1,#N/A,6,7,8,1,7,6,5,4,5,2,3,3,2
2,subj.12,Oscar2,m,Ilky Moon Havaneser,yes,24.11.2020,#N/A,1,self-ordered,2,#N/A,8,6,5,2,1,8,7,6,6,1,5,4,2
2,subj.12,Oscar2,m,Ilky Moon Havaneser,yes,24.11.2020,#N/A,1,self-ordered,3,#N/A,3,2,1,8,4,8,7,3,6,4,2,3,2
2,subj.12,Oscar2,m,Ilky Moon Havaneser,yes,24.11.2020,#N/A,2,forced,1,#N/A,2,8,3,2,1,7,6,5,4,1,3,2,1
2,subj.12,Oscar2,m,Ilky Moon Havaneser,yes,24.11.2020,#N/A,2,forced,2,#N/A,7,4,1,2,3,4,6,7,6,2,4,3,2
2,subj.12,Oscar2,m,Ilky Moon Havaneser,yes,24.11.2020,#N/A,2,forced,3,#N/A,5,3,4,5,6,8,1,8,4,1,3,3,2
2,subj.31,Freeda,f,Kokoni,yes,25.12.2021,#N/A,1,forced,1,#N/A,8,5,3,2,4,3,1,2,6,3,3,1,2
2,subj.31,Freeda,f,Kokoni,yes,25.12.2021,#N/A,1,forced,2,#N/A,2,7,5,4,3,5,4,8,6,3,3,2,2
2,subj.31,Freeda,f,Kokoni,yes,25.12.2021,#N/A,1,forced,3,#N/A,1,4,3,1,3,5,7,1,4,1,3,1,3
2,subj.31,Freeda,f,Kokoni,yes,25.12.2021,#N/A,2,self-ordered,1,#N/A,2,4,8,6,4,2,3,5,5,2,3,1,2
2,subj.31,Freeda,f,Kokoni,yes,25.12.2021,#N/A,2,self-ordered,2,#N/A,3,5,3,1,2,3,4,5,3,1,2,4,3
2,subj.31,Freeda,f,Kokoni,yes,25.12.2021,#N/A,2,self-ordered,3,#N/A,6,4,2,8,3,5,6,1,7,1,6,1,1
2,subj.21,Vivi,f,Mix (Labrador),#N/A,12.04.2023,#N/A,1,self-ordered,1,#N/A,1,2,8,6,4,2,1,7,6,2,4,1,2
2,subj.21,Vivi,f,Mix (Labrador),#N/A,12.04.2023,#N/A,1,self-ordered,2,#N/A,4,5,3,2,8,6,5,3,7,2,5,1,2
2,subj.21,Vivi,f,Mix (Labrador),#N/A,12.04.2023,#N/A,2,forced,1,#N/A,7,2,1,7,8,5,1,3,4,1,3,1,2
2,subj.21,Vivi,f,Mix (Labrador),#N/A,12.04.2023,#N/A,2,forced,2,#N/A,4,8,6,7,5,3,2,1,#N/A,#N/A,#N/A,2,0
2,subj.04,Ludwig2,m,American Staffordshire Terrier,no,05.07.2018,#N/A,1,forced,1,#N/A,3,7,2,3,4,5,8,7,4,1,3,3,2
2,subj.04,Ludwig2,m,American Staffordshire Terrier,no,05.07.2018,#N/A,1,forced,2,#N/A,5,2,1,2,3,4,6,1,4,2,2,3,2
2,subj.04,Ludwig2,m,American Staffordshire Terrier,no,05.07.2018,#N/A,1,forced,3,#N/A,8,6,5,3,4,1,4,5,7,5,2,1,2
2,subj.04,Ludwig2,m,American Staffordshire Terrier,no,05.07.2018,#N/A,2,self-ordered,1,#N/A,3,2,4,5,7,8,1,2,8,2,6,3,1
2,subj.04,Ludwig2,m,American Staffordshire Terrier,no,05.07.2018,#N/A,2,self-ordered,2,#N/A,5,6,8,2,4,7,1,3,#N/A,#N/A,#N/A,1,0
2,subj.04,Ludwig2,m,American Staffordshire Terrier,no,05.07.2018,#N/A,2,self-ordered,3,#N/A,6,7,2,4,5,8,3,6,8,1,7,1,1
2,subj.03,Filou9,m,Mix,no,02.06.2021,#N/A,1,self-ordered,1,#N/A,2,1,7,6,5,4,3,2,8,1,7,5,1
2,subj.03,Filou9,m,Mix,no,02.06.2021,#N/A,1,self-ordered,2,#N/A,5,6,1,8,2,3,4,5,8,1,7,3,1
2,subj.03,Filou9,m,Mix,no,02.06.2021,#N/A,1,self-ordered,3,#N/A,2,3,4,5,6,7,8,1,#N/A,#N/A,#N/A,7,0
2,subj.03,Filou9,m,Mix,no,02.06.2021,#N/A,2,forced,1,#N/A,5,8,2,1,3,4,5,6,7,1,6,3,1
2,subj.03,Filou9,m,Mix,no,02.06.2021,#N/A,2,forced,2,#N/A,6,2,4,5,7,8,1,3,#N/A,#N/A,#N/A,2,0
2,subj.03,Filou9,m,Mix,no,02.06.2021,#N/A,2,forced,3,#N/A,1,7,2,3,4,5,6,7,8,2,6,5,1
2,subj.16,Chomsky,m,Rottweiler,yes,17.12.2015,#N/A,1,self-ordered,1,#N/A,6,5,2,1,7,6,4,2,6,1,5,1,2
2,subj.16,Chomsky,m,Rottweiler,yes,17.12.2015,#N/A,1,self-ordered,2,#N/A,4,2,8,6,5,4,2,1,6,1,5,2,2
2,subj.16,Chomsky,m,Rottweiler,yes,17.12.2015,#N/A,1,self-ordered,3,#N/A,5,4,3,2,1,8,7,6,#N/A,#N/A,#N/A,7,0
2,subj.16,Chomsky,m,Rottweiler,yes,17.12.2015,#N/A,2,forced,1,#N/A,5,8,2,4,3,2,1,8,6,3,3,4,2
2,subj.16,Chomsky,m,Rottweiler,yes,17.12.2015,#N/A,2,forced,2,#N/A,6,2,4,3,2,1,8,7,5,2,3,5,1
2,subj.16,Chomsky,m,Rottweiler,yes,17.12.2015,#N/A,2,forced,3,#N/A,7,4,2,1,8,7,5,4,6,1,5,3,2
2,subj.42,Goofy2,m,Mix(Golden Retriever),yes,14.01.2020,#N/A,1,forced,1,#N/A,2,6,6,7,8,7,1,3,3,2,1,2,2
2,subj.42,Goofy2,m,Mix(Golden Retriever),yes,14.01.2020,#N/A,1,forced,2,#N/A,4,7,5,2,1,3,6,8,#N/A,#N/A,#N/A,1,0
2,subj.42,Goofy2,m,Mix(Golden Retriever),yes,14.01.2020,#N/A,1,forced,3,#N/A,5,3,6,8,1,3,4,7,6,2,4,1,1
2,subj.42,Goofy2,m,Mix(Golden Retriever),yes,14.01.2020,#N/A,2,self-ordered,1,#N/A,1,7,2,5,1,6,4,6,5,1,4,#DIV/0!,2
2,subj.42,Goofy2,m,Mix(Golden Retriever),yes,14.01.2020,#N/A,2,self-ordered,2,#N/A,1,8,3,1,7,1,8,4,4,1,3,1,3
2,subj.42,Goofy2,m,Mix(Golden Retriever),yes,14.01.2020,#N/A,2,self-ordered,3,#N/A,1,7,2,5,6,8,1,3,7,1,6,1,1
2,subj.43,Mazekeen,f,Kleiner Münsterländer,yes,10.09.2018,#N/A,1,forced,1,#N/A,7,4,3,5,7,1,3,6,5,1,4,1,2
2,subj.43,Mazekeen,f,Kleiner Münsterländer,yes,10.09.2018,#N/A,1,forced,2,#N/A,5,1,2,5,7,2,6,7,4,1,3,1,3
2,subj.43,Mazekeen,f,Kleiner Münsterländer,yes,10.09.2018,#N/A,1,forced,3,#N/A,8,2,3,4,6,5,7,1,#N/A,#N/A,#N/A,2,0
2,subj.43,Mazekeen,f,Kleiner Münsterländer,yes,10.09.2018,#N/A,2,self-ordered,1,#N/A,4,6,7,3,2,5,1,8,#N/A,#N/A,#N/A,1,0
2,subj.43,Mazekeen,f,Kleiner Münsterländer,yes,10.09.2018,#N/A,2,self-ordered,2,#N/A,4,5,6,1,3,5,7,1,6,2,4,2,2
2,subj.43,Mazekeen,f,Kleiner Münsterländer,yes,10.09.2018,#N/A,2,self-ordered,3,#N/A,6,8,5,4,6,1,2,5,5,1,4,1,2
2,subj.58,Anubis3,m,Italian Greyhound,no,15.04.2018,#N/A,1,self-ordered,1,#N/A,5,4,3,1,3,2,3,5,5,3,2,2,3
2,subj.58,Anubis3,m,Italian Greyhound,no,15.04.2018,#N/A,1,self-ordered,2,#N/A,6,5,4,1,7,6,4,2,6,1,5,2,2
2,subj.58,Anubis3,m,Italian Greyhound,no,15.04.2018,#N/A,1,self-ordered,3,#N/A,7,6,4,2,1,8,7,6,7,1,6,4,2
2,subj.58,Anubis3,m,Italian Greyhound,no,15.04.2018,#N/A,2,forced,1,#N/A,1,7,5,3,2,1,7,5,6,1,5,2,3
2,subj.58,Anubis3,m,Italian Greyhound,no,15.04.2018,#N/A,2,forced,2,#N/A,4,6,8,6,4,1,2,1,4,2,2,1,3
2,subj.58,Anubis3,m,Italian Greyhound,no,15.04.2018,#N/A,2,forced,3,#N/A,5,3,7,8,7,3,1,7,5,3,2,1,3
2,subj.52,Ace3,m,Border Collie,yes,15.03.2019,#N/A,1,self-ordered,1,#N/A,5,8,1,3,5,8,1,3,5,1,4,1,4
2,subj.52,Ace3,m,Border Collie,yes,15.03.2019,#N/A,1,self-ordered,2,#N/A,4,5,6,2,3,5,7,1,6,2,4,2,1
2,subj.52,Ace3,m,Border Collie,yes,15.03.2019,#N/A,1,self-ordered,3,#N/A,5,7,2,5,7,2,3,5,4,1,3,1,4
2,subj.52,Ace3,m,Border Collie,yes,15.03.2019,#N/A,2,forced,1,#N/A,6,1,6,4,5,7,1,2,3,1,2,1,2
2,subj.52,Ace3,m,Border Collie,yes,15.03.2019,#N/A,2,forced,2,#N/A,4,2,7,8,1,2,3,4,6,2,4,5,2
2,subj.52,Ace3,m,Border Collie,yes,15.03.2019,#N/A,2,forced,3,#N/A,3,7,5,1,2,3,4,5,6,1,5,4,2
2,subj.53,Dante4,m,Eurasier,yes,14.02.2023,#N/A,1,self-ordered,1,#N/A,5,3,2,1,8,7,6,5,8,1,7,6,1
2,subj.53,Dante4,m,Eurasier,yes,14.02.2023,#N/A,1,self-ordered,2,#N/A,5,7,6,4,3,2,1,8,#N/A,#N/A,#N/A,4,0
2,subj.53,Dante4,m,Eurasier,yes,14.02.2023,#N/A,1,self-ordered,3,#N/A,7,6,5,3,2,1,8,7,8,1,7,4,1
2,subj.53,Dante4,m,Eurasier,yes,14.02.2023,#N/A,2,forced,1,#N/A,6,3,7,6,4,3,2,8,4,1,3,2,2
2,subj.53,Dante4,m,Eurasier,yes,14.02.2023,#N/A,2,forced,2,#N/A,8,5,3,2,8,7,6,5,5,1,4,3,2
2,subj.53,Dante4,m,Eurasier,yes,14.02.2023,#N/A,2,forced,3,#N/A,2,7,6,5,4,3,2,8,7,1,6,5,1
2,subj.54,Reni,f,Mix(Shepherd),yes,01.04.2018,#N/A,1,forced,1,#N/A,1,3,5,7,5,3,2,1,5,3,2,2,3
2,subj.54,Reni,f,Mix(Shepherd),yes,01.04.2018,#N/A,1,forced,2,#N/A,2,4,5,7,6,1,3,2,8,1,7,1,1
2,subj.54,Reni,f,Mix(Shepherd),yes,01.04.2018,#N/A,1,forced,3,#N/A,8,5,4,3,2,1,8,7,7,1,6,6,1
2,subj.54,Reni,f,Mix(Shepherd),yes,01.04.2018,#N/A,2,self-ordered,1,#N/A,1,8,6,4,3,1,8,7,6,1,5,2,2
2,subj.54,Reni,f,Mix(Shepherd),yes,01.04.2018,#N/A,2,self-ordered,2,#N/A,1,4,3,6,7,8,1,4,7,1,6,3,2
2,subj.54,Reni,f,Mix(Shepherd),yes,01.04.2018,#N/A,2,self-ordered,3,#N/A,1,8,6,4,2,1,8,6,6,1,5,2,3
2,subj.55,Tenya,f,Collie Rough,yes,13.03.2016,#N/A,1,forced,1,#N/A,2,6,7,8,1,2,3,4,6,1,5,6,1
2,subj.55,Tenya,f,Collie Rough,yes,13.03.2016,#N/A,1,forced,2,#N/A,8,4,5,6,7,8,2,3,6,1,5,4,1
2,subj.55,Tenya,f,Collie Rough,yes,13.03.2016,#N/A,1,forced,3,#N/A,5,1,8,6,5,2,3,4,5,1,4,2,1
2,subj.55,Tenya,f,Collie Rough,yes,13.03.2016,#N/A,2,self-ordered,1,#N/A,6,7,8,2,3,4,5,6,8,1,7,4,1
2,subj.55,Tenya,f,Collie Rough,yes,13.03.2016,#N/A,2,self-ordered,2,#N/A,2,3,8,6,5,1,7,8,8,3,5,1,1
2,subj.55,Tenya,f,Collie Rough,yes,13.03.2016,#N/A,2,self-ordered,3,#N/A,2,3,4,5,6,7,8,1,#N/A,#N/A,#N/A,7,0
2,subj.23,Nala13,f,Shepherd Mix,no,01.05.2020,#N/A,1,self-ordered,1,#N/A,2,3,2,4,6,2,3,7,3,1,2,1,3
2,subj.23,Nala13,f,Shepherd Mix,no,01.05.2020,#N/A,1,self-ordered,2,#N/A,3,2,8,7,6,5,4,3,8,1,7,5,1
2,subj.23,Nala13,f,Shepherd Mix,no,01.05.2020,#N/A,1,self-ordered,3,#N/A,6,5,4,2,8,7,6,5,7,1,6,3,2
2,subj.23,Nala13,f,Shepherd Mix,no,01.05.2020,#N/A,2,forced,1,#N/A,7,5,4,2,1,8,7,6,7,1,6,4,1
2,subj.23,Nala13,f,Shepherd Mix,no,01.05.2020,#N/A,2,forced,2,#N/A,4,1,6,5,3,2,8,7,#N/A,#N/A,#N/A,1,0
2,subj.23,Nala13,f,Shepherd Mix,no,01.05.2020,#N/A,2,forced,3,#N/A,8,3,6,5,4,2,7,6,8,3,5,2,1
2,subj.44,Lilo3,f,Dwarf Poodle,yes,18.06.2021,#N/A,1,forced,1,#N/A,7,1,3,4,2,1,8,7,6,2,4,3,2
2,subj.44,Lilo3,f,Dwarf Poodle,yes,18.06.2021,#N/A,1,forced,2,#N/A,4,8,5,3,2,1,8,7,7,2,5,4,1
2,subj.44,Lilo3,f,Dwarf Poodle,yes,18.06.2021,#N/A,1,forced,3,#N/A,2,6,3,5,4,3,2,8,6,3,3,3,2
2,subj.44,Lilo3,f,Dwarf Poodle,yes,18.06.2021,#N/A,2,self-ordered,1,#N/A,4,5,3,2,1,8,7,6,#N/A,#N/A,#N/A,5,0
2,subj.44,Lilo3,f,Dwarf Poodle,yes,18.06.2021,#N/A,2,self-ordered,2,#N/A,5,6,7,1,3,4,5,6,7,1,6,3,2
2,subj.44,Lilo3,f,Dwarf Poodle,yes,18.06.2021,#N/A,2,self-ordered,3,#N/A,5,3,2,1,8,7,6,5,8,1,7,6,1
2,subj.29,Diego6,m,Border Terrier,no,09.09.2017,#N/A,1,forced,1,#N/A,2,8,3,4,3,2,1,7,5,3,2,3,2
2,subj.29,Diego6,m,Border Terrier,no,09.09.2017,#N/A,1,forced,2,#N/A,4,1,2,4,5,7,1,2,4,1,3,1,3
2,subj.29,Diego6,m,Border Terrier,no,09.09.2017,#N/A,1,forced,3,#N/A,5,3,2,7,4,2,1,8,6,3,3,2,1
2,subj.29,Diego6,m,Border Terrier,no,09.09.2017,#N/A,2,self-ordered,1,#N/A,2,4,5,7,8,1,2,4,7,1,6,3,2
2,subj.29,Diego6,m,Border Terrier,no,09.09.2017,#N/A,2,self-ordered,2,#N/A,2,3,4,5,1,2,8,7,6,1,5,3,1
2,subj.29,Diego6,m,Border Terrier,no,09.09.2017,#N/A,2,self-ordered,3,#N/A,8,2,4,5,7,1,3,6,#N/A,#N/A,#N/A,1,0
2,subj.56,Nele4,f,Löwchen,no,10.12.2021,11.04.2023,1,self-ordered,1,#N/A,2,5,6,7,8,1,2,3,7,1,6,6,1
2,subj.56,Nele4,f,Löwchen,no,10.12.2021,11.04.2023,1,self-ordered,2,#N/A,7,6,5,4,3,2,1,8,#N/A,#N/A,#N/A,7,0
2,subj.56,Nele4,f,Löwchen,no,10.12.2021,11.04.2023,1,self-ordered,3,#N/A,7,6,5,4,3,2,1,8,#N/A,#N/A,#N/A,7,0
2,subj.56,Nele4,f,Löwchen,no,10.12.2021,11.04.2023,2,forced,1,#N/A,4,8,5,4,3,7,6,5,4,1,3,2,2
2,subj.56,Nele4,f,Löwchen,no,10.12.2021,11.04.2023,2,forced,3,#N/A,6,2,8,1,2,3,4,5,5,2,3,5,1
2,subj.57,Zira,f,Havaneser,no,10.12.2021,11.04.2023,1,forced,1,#N/A,2,4,6,5,3,2,8,7,6,1,5,1,1
2,subj.57,Zira,f,Havaneser,no,10.12.2021,11.04.2023,1,forced,2,#N/A,1,7,6,5,3,2,1,7,7,1,6,2,2
2,subj.57,Zira,f,Havaneser,no,10.12.2021,11.04.2023,1,forced,3,#N/A,6,3,5,3,2,1,8,7,4,2,2,4,1
2,subj.57,Zira,f,Havaneser,no,10.12.2021,11.04.2023,2,self-ordered,1,#N/A,6,5,2,1,8,7,5,3,7,2,5,3,1
2,subj.57,Zira,f,Havaneser,no,10.12.2021,11.04.2023,2,self-ordered,2,#N/A,5,4,3,2,1,7,6,5,8,1,7,4,1
2,subj.57,Zira,f,Havaneser,no,10.12.2021,11.04.2023,2,self-ordered,3,#N/A,2,1,8,7,6,5,4,3,#N/A,#N/A,#N/A,7,0
2,subj.50,Akido,m,Mix(Border Collie),yes,14.01.2025,07.05.2023,1,self-ordered,1,#N/A,3,5,7,1,4,6,8,2,#N/A,#N/A,#N/A,#DIV/0!,0
2,subj.50,Akido,m,Mix(Border Collie),yes,14.01.2025,07.05.2023,1,self-ordered,2,#N/A,6,1,5,7,2,4,6,8,7,1,6,#DIV/0!,1
2,subj.50,Akido,m,Mix(Border Collie),yes,14.01.2025,07.05.2023,1,self-ordered,3,#N/A,4,7,2,7,1,3,5,7,4,2,2,#DIV/0!,2
2,subj.50,Akido,m,Mix(Border Collie),yes,14.01.2025,07.05.2023,2,forced,1,#N/A,4,1,2,5,8,7,2,1,7,3,4,1,2
2,subj.50,Akido,m,Mix(Border Collie),yes,14.01.2025,07.05.2023,2,forced,2,#N/A,6,8,5,3,2,4,7,1,#N/A,#N/A,#N/A,1,0
2,subj.50,Akido,m,Mix(Border Collie),yes,14.01.2025,07.05.2023,2,forced,3,#N/A,7,3,1,3,5,7,1,2,4,2,2,1,3
2,subj.51,Lexi3,f,"Mix(Kelpie, Shepherd dog)",yes,01.04.2019,07.05.2023,1,forced,1,#N/A,8,4,2,3,2,3,4,2,5,3,2,2,4
2,subj.51,Lexi3,f,"Mix(Kelpie, Shepherd dog)",yes,01.04.2019,07.05.2023,1,forced,2,#N/A,7,5,3,2,8,6,5,4,7,2,5,2,1
2,subj.51,Lexi3,f,"Mix(Kelpie, Shepherd dog)",yes,01.04.2019,07.05.2023,1,forced,3,#N/A,3,1,2,4,5,6,8,2,8,3,5,2,1
2,subj.51,Lexi3,f,"Mix(Kelpie, Shepherd dog)",yes,01.04.2019,07.05.2023,2,self-ordered,1,#N/A,2,3,4,6,8,2,3,2,6,1,5,2,3
2,subj.51,Lexi3,f,"Mix(Kelpie, Shepherd dog)",yes,01.04.2019,07.05.2023,2,self-ordered,2,#N/A,3,2,1,8,7,6,5,4,#N/A,#N/A,#N/A,7,0
2,subj.51,Lexi3,f,"Mix(Kelpie, Shepherd dog)",yes,01.04.2019,07.05.2023,2,self-ordered,3,#N/A,7,6,3,2,7,5,3,2,5,1,4,1,3
2,subj.45,Loki6,m,Berner Sennenhund,yes,22.07.2015,08.05.2023,1,forced,1,#N/A,5,1,3,4,7,6,2,1,8,2,6,1,1
2,subj.45,Loki6,m,Berner Sennenhund,yes,22.07.2015,08.05.2023,1,forced,2,#N/A,4,6,2,4,7,5,2,1,4,1,3,1,2
2,subj.45,Loki6,m,Berner Sennenhund,yes,22.07.2015,08.05.2023,1,forced,3,#N/A,7,2,1,3,5,8,6,4,#N/A,#N/A,#N/A,1,0
2,subj.45,Loki6,m,Berner Sennenhund,yes,22.07.2015,08.05.2023,2,self-ordered,1,#N/A,4,7,2,4,6,8,2,3,4,1,3,1,2
2,subj.45,Loki6,m,Berner Sennenhund,yes,22.07.2015,08.05.2023,2,self-ordered,2,#N/A,4,5,7,6,4,2,3,5,5,1,4,1,2
2,subj.45,Loki6,m,Berner Sennenhund,yes,22.07.2015,08.05.2023,2,self-ordered,3,#N/A,6,7,1,4,6,5,7,2,5,1,4,1,2
2,subj.66,Nikita,f,Australian Shepherd,no,22.06.2018,#N/A,1,self-ordered,2,#N/A,1,3,8,4,2,4,2,7,6,4,2,#DIV/0!,2
2,subj.66,Nikita,f,Australian Shepherd,no,22.06.2018,#N/A,1,self-ordered,3,#N/A,5,6,2,8,2,8,6,3,5,3,2,1,3
2,subj.66,Nikita,f,Australian Shepherd,no,22.06.2018,#N/A,2,forced,1,#N/A,2,7,1,3,5,1,3,5,6,3,3,#DIV/0!,3
2,subj.66,Nikita,f,Australian Shepherd,no,22.06.2018,#N/A,2,forced,2,#N/A,6,3,8,2,8,6,3,1,5,3,2,#DIV/0!,3
2,subj.66,Nikita,f,Australian Shepherd,no,22.06.2018,#N/A,2,forced,3,#N/A,1,8,3,1,5,4,6,4,4,1,3,1,2
2,subj.60,Teodor,m,Mischling,yes,06.06.2018,#N/A,1,self-ordered,1,#N/A,5,6,7,8,3,4,5,3,7,1,6,3,2
2,subj.60,Teodor,m,Mischling,yes,06.06.2018,#N/A,1,self-ordered,2,#N/A,4,6,7,2,3,5,3,2,7,5,2,1,2
2,subj.60,Teodor,m,Mischling,yes,06.06.2018,#N/A,1,self-ordered,3,#N/A,3,5,7,8,1,3,2,1,6,1,5,2,2
2,subj.60,Teodor,m,Mischling,yes,06.06.2018,#N/A,2,forced,1,#N/A,8,4,5,6,3,2,1,7,#N/A,#N/A,#N/A,2,0
2,subj.60,Teodor,m,Mischling,yes,06.06.2018,#N/A,2,forced,2,#N/A,3,1,4,2,8,5,3,1,7,1,6,#DIV/0!,2
2,subj.60,Teodor,m,Mischling,yes,06.06.2018,#N/A,2,forced,3,#N/A,5,7,3,4,6,8,2,1,#N/A,#N/A,#N/A,1,0
